date, pm25, pm10, o3, no2, so2, co
10/1/2024,93,47,9,10,1,16
10/2/2024,88,39,10,10, ,16
10/3/2024,80,47,9,10, ,16
10/4/2024,89,42,10,10,1,16
10/5/2024,82,44,10,9,1,17
10/6/2024,85,56,9,10, ,17
10/7/2024,101,46,11,10,1,16
10/8/2024,86,49,11,10, ,15
10/9/2024,89, , , , , 
7/1/2024,77,47,4,12,5,14
7/2/2024,77,48,6,12,4,15
7/3/2024,77,47,5,12,5,14
7/4/2024,58,32,6,12,5,14
7/5/2024,59,32,5,13,5,14
7/6/2024,59,32,9,12,4,14
7/7/2024,58,31,7,13,5,14
7/8/2024,58,31,7,12,5,13
7/9/2024,58, , , , , 
7/11/2024,51,53,4,13,5,16
7/12/2024,51,52,6,13,5,13
7/13/2024,51,52,6,12,5,13
7/14/2024,51,52,4,13,4, 
7/15/2024,51,52,4,13,4, 
7/16/2024,51,54, ,12,5,14
7/17/2024,51,52, ,13,5,13
7/18/2024,51,51,6,12,4,14
7/19/2024,56,39,6,12,5,13
7/24/2024,87,52,13,12,5,14
7/25/2024,77,59,12,12,5,13
7/26/2024,85,59,13,13,5,14
7/27/2024,85,60,13,12,4,13
7/28/2024,85, , , , , 
7/30/2024,82,47,14,12,4,14
7/31/2024,72,52,13,12,5,14
8/1/2024,72,45,13,11,5,13
8/2/2024,79,48,13,9,5,12
8/3/2024,85,45,15,11,5,12
8/4/2024,80,48,15,11,5,11
8/5/2024,82,41,12,10,3,8
8/6/2024,77,35,7,12,2,4
8/7/2024,85,36,8,12,2,4
8/8/2024,85,44,9,12,2,7
8/9/2024,87,54,11,12,2,9
8/10/2024,87,52,12,12,2,9
8/11/2024,85,52,11,12,3,10
8/12/2024,84,53,17,11,2,12
8/13/2024,91,53,19,12,2,13
8/14/2024,95,47,19,12,2,13
8/15/2024,88,49,34,12,2,13
8/16/2024,92,49,19,12,2,13
8/17/2024,91,44,24,12,2,13
8/18/2024,84,49,12,12,2,14
8/19/2024,91,44,20,12,2,13
8/20/2024,86,43,7,12,2,13
8/21/2024,84,41,8,10,2,12
8/22/2024,83,50,7,8,1,14
8/23/2024,94, , , , , 
8/27/2024,84,46,13,8,2,13
8/28/2024,86,47,13,8,2,14
8/29/2024,89,44,14,8,2,15
8/30/2024,84,43,14,8,2,14
8/31/2024,84,40,14,8,2,14
9/1/2024,80,48,14,8,2,14
9/2/2024,91,50,14,8,1,14
9/3/2024,92,49,11,8,1,15
9/4/2024,90,49,11,8,1,14
9/5/2024,91,45,11,8,2,16
9/6/2024,86,46,11,8,1,14
9/7/2024,86,42,11,8,2,13
9/8/2024,83,47,11,8,1,14
9/9/2024,88,44,11,8,1,14
9/10/2024,83,48,11,8,1,17
9/11/2024,88,46,11,8,2,16
9/12/2024,86,49,11,8,1,16
9/13/2024,91,50,11,8,2,16
9/14/2024,91,47,11,8,2,15
9/15/2024,87,45,11,8,1,16
9/16/2024,85,45,11,8,2,16
9/17/2024,85,47,11,8,1,16
9/18/2024,90,50,11,8,1,16
9/19/2024,93,48,11,8,1,16
9/20/2024,89,49,11,8,1,16
9/21/2024,89,45,11,8,2,16
9/22/2024,86,41,11,7,2,16
9/23/2024,82,45,10,7,1,16
9/24/2024,86,43,9,8, ,16
9/25/2024,84,50,10,8, ,16
9/26/2024,92,49,9,8, ,16
9/27/2024,89,46,10,8, ,16
9/28/2024,86,46,10,8,1,16
9/29/2024,87,51,10,8, ,16
9/30/2024,92,51,10,9,1,16
4/5/2024,61,33,13,17,3,5
4/10/2024,77,46,19,13,4,4
4/11/2024,68,39,14,13,4,5
4/13/2024,64,36,13,13,4,4
4/14/2024,62,33,19,13,4,5
4/15/2024,66,37,18,13,4,4
4/16/2024,76,42,31,13,4,5
4/17/2024,120,69,16,1,3,5
4/18/2024,106,62,8,39,4,7
4/19/2024,84,66,42,17,3,5
4/21/2024,102,60,31,7,4,6
4/22/2024,106,62,18,7,3,6
4/23/2024,107,63,1,7,3,6
4/24/2024,103,62,5,7,4,6
4/25/2024,99,63,10,7,4,8
4/27/2024,63,48,13,8,3,6
4/28/2024,65,58,18,8,3,5
4/29/2024,69,56,20,7,3,6
4/30/2024,89,55,17,8,3,6
5/1/2024,88,53,15,7,2,6
5/2/2024,101,61,20,7,2,6
5/3/2024,87,54,8,7,3,5
5/4/2024,88,57,12,7,4,5
5/5/2024,66,38,16,7,4,5
5/6/2024,86,54,16,7,3,6
5/7/2024,77,48,25,7,4,6
5/8/2024,85,52,18,7,3,6
5/9/2024,70,40,29,7,4,6
5/10/2024,79,49,14,7,4,7
5/11/2024,75,46,21,8,4,6
5/13/2024,82,51,12,7,4,5
5/14/2024,70,42,14,7,5,15
5/15/2024,66,38,10,7,6,14
5/16/2024,76,47,26,8,5,13
5/17/2024,75,46,15,7,5,14
5/18/2024,69,41,24,7,5,14
5/20/2024,68,40,9,7,5,13
5/21/2024,68,40,10,7,5,13
5/22/2024,70,42,6,7,5,14
5/23/2024,72,44,9,7,5,14
5/24/2024,78,47,21,7,5,14
5/25/2024,74,45,15,7,5,14
5/27/2024,73,44,10,7,5,14
5/28/2024,76,46,13,7,5,13
5/29/2024,72,44,14,7,5,14
5/30/2024,71,43,13,7,5,14
5/31/2024,70,42,15,7,5,14
6/1/2024,67,39,9,6,5,15
6/2/2024,79,50,10,9,4,14
6/3/2024,72,44,12,7,5,14
6/4/2024,72,44,12,7,5,14
6/5/2024,81,50,8,7,5,14
6/6/2024,75,46,5,7,5,14
6/7/2024,72,43,5,7,5,13
6/8/2024,73,44,9,7,5,14
6/9/2024,83,52,10,7,5,14
6/10/2024,73,45,9,7,5,14
6/11/2024,76,47,7,7,5,14
6/12/2024,78,49,9,7,5,14
6/13/2024,80,50,8,7,5,14
6/14/2024,74,45,9,7,5,14
6/15/2024,76,47,9,7,5,14
6/16/2024,76,47,11,7,5,13
6/17/2024,71,43,12,8,5,14
6/18/2024,69,41,8,7,5,14
6/19/2024,75,46,9,7,5,14
6/20/2024,78,49,9,7,4,15
6/21/2024,77,47,8,7,5,14
6/22/2024,81,51,12,7,5,14
6/23/2024,75,46,11,7,5,13
6/24/2024,76,47,11,7,5,14
6/25/2024,80,49,8,7,5,14
6/26/2024,81,51,7,7,5,14
6/27/2024,81,51,6,7,5,15
6/28/2024,79,49,6,6,5,14
6/29/2024,77,48,5, ,5,13
6/30/2024,80,50,5, ,5,14
1/1/2024,96,64,18,8,6,6
1/2/2024,100,63,18,8,5,6
1/3/2024,83,66,16,8,5,7
1/4/2024,82,58,15,9,5,9
1/5/2024,63,53,17,7,5,9
1/6/2024,69,44,17,8,5,7
1/7/2024,52,41,17,8,6,8
1/8/2024,60,47,11,8,5,8
1/9/2024,79,62,17,9,5,31
1/10/2024,64,69,15,8,6,5
1/11/2024,87,80,15,8,5,7
1/12/2024,136,88,15,8,5,6
1/13/2024,150,89,15,8,5,6
1/14/2024,152,86,15,8,6,6
1/15/2024,149,95,15,8,5,6
1/16/2024,155,90,15,8,5,6
1/17/2024,148,46,15,8,5,6
1/18/2024,81,29,15,7,6,6
1/19/2024,25,29,15,8,5,6
1/20/2024,35,29,15,8,5,11
1/21/2024,38,29,15,7,5,6
1/22/2024,43,47,15,8,5,5
1/23/2024,70,53,17,8,5,5
1/24/2024,95,64,17,8,6,7
1/25/2024,85,53,17,8,5,5
1/26/2024,81,51,17,8,5,5
1/27/2024,80,49,17,8,5,5
1/28/2024,77,55,16,8,6,5
1/29/2024,88,51,15,4,5,5
1/30/2024,81,77,15,3,5,7
1/31/2024,126,65,16,3,6,5
2/1/2024,108,67,14,2,7,6
2/2/2024,114,74,14,2,6,6
2/3/2024,129,63,14,3,5,5
2/4/2024,106,64,15,3,5,5
2/5/2024,108,68,24,9,6,6
2/6/2024,114,62,20,7,6,6
2/7/2024,113,73,31,6,5,7
2/8/2024,114,94,29,7,5,6
2/9/2024,122,92,31,7,5,6
2/10/2024,142,90,31,7,5,5
2/11/2024,134,94,30,7,5,6
2/12/2024,143,45,27,7,6,6
2/13/2024,90,47,31,7,6,6
2/14/2024,121,52,31,7,5,5
2/15/2024,111,51,32,7,6,5
2/16/2024,116,51,33,7,5,5
2/17/2024,106,44,32,6,5,6
2/18/2024,132,49,34,7,5,6
2/19/2024,111,56,45,8,6,6
2/20/2024,92,44,30,7,6,7
2/21/2024,129,44,33,7,5,5
2/22/2024,136,52,20,7,6,5
2/23/2024,115,52,30,7,5,6
2/24/2024,115,47,40,8,6,6
2/25/2024,106,36,16,7,5,4
2/26/2024,85,42,28,8,5,5
2/27/2024,72,49,23,8,6,7
2/28/2024,80,50,25,7,6,7
2/29/2024,82,45,28,7,6,5
3/1/2024,75,52,28,7,6,6
3/2/2024,87,64,53,7,5,5
3/3/2024,91,64,48,7,6,8
3/4/2024,107,57,45,8,5,4
3/5/2024,90,53,44,9,5,7
3/6/2024,90,39,87,8,6,5
3/7/2024,69,60,40,7,5,7
3/8/2024,106,56,36,7,5,5
3/9/2024,91,54,31,7,6,4
3/10/2024,90,56,26,7,6,4
3/11/2024,93,52,40,8,5,5
3/12/2024,92,71,47,7,6,8
3/13/2024,117,57,23,7,5,4
3/14/2024,95, , , , , 
3/16/2024,100,53,24,4,2,4
3/17/2024,87,59,34,4,1,5
3/18/2024,99,62,37,4,2,4
3/19/2024,99,59,46,5,2,4
3/20/2024,97,50,21,4,1,4
3/21/2024,84,45,27,4,1,4
3/22/2024,76, , , , , 
3/25/2024,89,51,37,6,2,4
3/26/2024,82,48,32,5,2,3
3/27/2024,80,52,30,5,2,5
3/28/2024,85,48,3, ,2,4
3/29/2024,78,56,8,12,4,5
10/1/2023,39,43,15,6,2,5
10/2/2023,67,66,15,7,2,5
10/3/2023,86,63,15,6,2,6
10/4/2023,87,60,15,7,2,5
10/5/2023,80,66,15,7,2,6
10/6/2023,97,70,15,6,2,6
10/7/2023,93,60,15,7,1,5
10/8/2023,88,36,15,7,1,6
10/9/2023,78,46,15,6,2,6
10/10/2023,74,50,15,7,2,7
10/11/2023,80,64,17,9,1,6
10/12/2023,110,69,17,11,2,6
10/13/2023,122,66,17,12,2,5
10/14/2023,120,54,17,11,2,5
10/15/2023,110,60,17,12,2,6
10/16/2023,98,59,17,12,2,6
10/17/2023,71,93,17,11,2,6
10/18/2023,81,80,17,11,2,6
10/19/2023,94,98,17,11,2,6
10/20/2023,89,76,17,11,2,6
10/21/2023,91,59,17,12,2,5
10/22/2023,68,65,17,12,2,6
10/23/2023,86,54,17,12,2,5
10/24/2023,71,59,18,11,2,6
10/25/2023,84,66,19,11,2,5
10/26/2023,87,67,18,9,2,5
10/27/2023,82,50,18,9,2,6
10/28/2023,69,39,18,9,2,5
10/29/2023,51,37,18,9,2,6
10/30/2023,75,58,19,9,2,6
10/31/2023,105,59,18,9,2,5
11/1/2023,92,47,18,9,1,6
11/2/2023,91,32,18,9,7,6
11/3/2023,73,28,19,9,9,5
11/4/2023,73,16,19,9, ,5
11/5/2023,53,37,18,9,10,6
11/6/2023,68,29,13,9,9,7
11/7/2023,45,35,16,9,5,6
11/8/2023,54,55,12,9,3,7
11/9/2023,62,66,17,9,3,7
11/10/2023,68,75,9,9,2,7
11/11/2023,88, , , , , 
11/19/2023,73,31,14,7,4,5
11/20/2023,87, , , , , 
11/22/2023,70,30,18,7,4,5
11/23/2023,69,40,18, ,5,5
11/24/2023,91,57,18, ,6,8
11/25/2023,105,41,18, ,5,5
11/26/2023,82,45,18, ,4,6
11/27/2023,82,44,17,7,5,7
11/28/2023,86,40,17,8,6,6
11/29/2023,55,31,9,8,6,6
11/30/2023,30,28,9,8,5,6
12/1/2023,34,62,15,8,5,7
12/2/2023,101,19,14,8,6,5
12/3/2023,64,34,14,8,6,5
12/4/2023,69,51,11,8,6,6
12/5/2023,52, , , , , 
12/7/2023,56,68,11,8,5,7
12/8/2023,56,68,11,8,6,6
12/9/2023,55,62,11,8,5,6
12/10/2023,55,59,11,8,5,6
12/11/2023,54,73,11,8,6,5
12/12/2023,55, , , , , 
12/14/2023,103,69,11,8,5,6
12/15/2023,102,61,11,7,6,6
12/16/2023,86,55,11,8,6,6
12/17/2023,80,62,11,8,6,6
12/18/2023,86,86,11,8,5,6
12/19/2023,118,75,7,8,6,6
12/20/2023,121,66,16,8,5,7
12/21/2023,101,64,17,8,5,7
12/22/2023,107,83,14,8,5,6
12/23/2023,100,66,14,8,5,6
12/24/2023,102,55,14,8,5,6
12/25/2023,80,58,15,8,5,7
12/26/2023,99,57,15,8,6,6
12/27/2023,88,57,15,8,5,6
12/28/2023,97,53,15,8,5,6
12/29/2023,85,37,15,8,5,5
12/30/2023,83,53,15,8,5,6
12/31/2023,86,60,15,8,5,6
7/1/2023,60,38,15,4,2,4
7/2/2023,61, , , , , 
7/27/2023,57,37,15,7,2,5
7/28/2023,45,35,15,7,1,5
7/29/2023,49,40,15,7,2,4
7/30/2023,50,30,15,7,2,5
7/31/2023,46, , , , , 
8/2/2023,52, , , , , 
8/23/2023,67,52,15,7,2,6
8/24/2023,66,55,15,7,2,5
8/25/2023,106,40,15,7,2,5
8/26/2023,61,23,15,7,2,5
8/27/2023,49,33,15,7,2,5
8/28/2023,57,39,15,6,2,4
8/29/2023,62,34,15,7,2,5
8/30/2023,56,44,15,7,2,5
8/31/2023,67,52,15,6,2,6
9/1/2023,62, , , , , 
9/13/2023,58,33,15,7,2,4
9/14/2023,52,28,15,7,2,5
9/15/2023,50,28,15,7,2,5
9/16/2023,50,22,15,7,2,4
9/17/2023,40,18,15,7,2,4
9/18/2023,37,28,15,7,2,4
9/19/2023,52,30,15,7,2,5
9/20/2023,59,36,15,7,2,5
9/21/2023,63,44,15,7,2,5
9/22/2023,65,40,15,7,2,5
9/23/2023,58,31,15,7,1,5
9/24/2023,51,30,15,6,2,5
9/25/2023,39,27,15,7,2,5
9/26/2023,54,33,15,6,2,4
9/27/2023,63,32,15,6,2,5
9/28/2023,50,26,15,7,2,4
9/29/2023,47,26,15,7,1,5
9/30/2023,53,20,15,6,2,4
4/3/2023,83,36,15,10,2,5
4/4/2023,62,47,15,11,2,5
4/5/2023,75,56,15,10,2,6
4/6/2023,89,49,15,10,2,5
4/7/2023,79,78,15,10,2,5
4/8/2023,101,40,15,9,2,4
4/9/2023,67,38,15,9,2,5
4/10/2023,64,42,15,10,2,5
4/11/2023,69,99,28,13,2,5
4/12/2023,132,71,37,19,2,6
4/13/2023,121,88,49,18,5,6
4/14/2023,149,114, ,18,3,6
4/15/2023,162,86,42,20,4,6
4/16/2023,147,80,46,17,2,6
4/17/2023,141,79,46,17,4,6
4/18/2023,138,81,20,18,3,6
4/19/2023,140,101,32,15,2,6
4/20/2023,148,94,28,15,2,6
4/21/2023,139,62,18,16,2,6
4/22/2023,101,56, ,14, ,5
4/23/2023,89,59,27,14,2,6
4/24/2023,95,54,27,14,2,5
4/25/2023,88,54,23,15,2,6
4/26/2023,88,67,27,14,2,6
4/27/2023,112,59,28,14,3,5
4/28/2023,95,74,16,37,2,6
4/29/2023,126,43,27,101,2,5
4/30/2023,70,20,22,75,2,5
5/1/2023,39,32,13,64,3,5
5/2/2023,55,33,15,50,2,7
5/3/2023,60,39,19,7,2,6
5/4/2023,66,35,19,9,3,6
5/5/2023,61,46,24,12,3,6
5/6/2023,73,27,20,11,2,5
5/7/2023,50,40,18,12,2,6
5/8/2023,68,35,10,12,2,4
5/9/2023,62, , ,11,3,5
5/11/2023,105,44,23,9,7,6
5/12/2023,73,52,15,6,9,5
5/13/2023,83,45,15,5,18,5
5/14/2023,73,57,15,6,18,5
5/15/2023,91,59,15,6,1,5
5/16/2023,95,94,15,8,3,6
5/17/2023,127,54,15,6,3,6
5/18/2023,88,56,15,6,2,5
5/19/2023,88, , , , , 
5/22/2023,67,45,15,7,2,5
5/23/2023,75,40,15,4,2,5
5/24/2023,67,45,15,3,1,5
5/25/2023,73,41,15,3,1,5
5/26/2023,70,47,15,3,2,5
5/27/2023,78,43,15,3,1,5
5/28/2023,72,54,15,3,1,6
5/29/2023,89,89,15,3,1,6
5/30/2023,115,37,15,3,2,6
5/31/2023,63, ,15,4,2,5
6/5/2023,81,50,15,3,1,5
6/6/2023,74,44,15,3,6,5
6/7/2023,67,28,15,3,12,5
6/8/2023,49,27,15,3,1,5
6/9/2023,48,29,15,3,1,4
6/10/2023,51,21,15,3,1,5
6/11/2023,39,28,15,3,2,5
6/12/2023,47,34,15,3,2,4
6/13/2023,57,42,15,4,2,5
6/14/2023,65,43,15,3,2,5
6/15/2023,66,43,15,3,2,5
6/16/2023,67,43,15,3,2,4
6/17/2023,65,34,15,3,2,5
6/18/2023,57,46,15,3,2,5
6/19/2023,72,48,15,3,2,5
6/20/2023,73,52,15,3,2,5
6/21/2023,77,40,15,3,2,5
6/22/2023,64,40,15,3,2,5
6/23/2023,63,34,15,3,2,5
6/24/2023,57,33,15,3,2,5
6/25/2023,55,32,15,3,2,5
6/26/2023,53,38,15,3,2,5
6/27/2023,61,23,15,3,2,5
6/28/2023,41,28,15,3,2,5
6/29/2023,50,36,15,3,2,5
6/30/2023,58,37,15,3,2,5
1/2/2023,146,78,15,13,4,3
1/3/2023,144,83,16,13,4,3
1/4/2023,150,79,15,13,4,3
1/5/2023,146,22,15,13,2,3
1/6/2023,51,28,15,13,2,3
1/7/2023,61,46,15,13,1,3
1/8/2023,89,42,15,14,1,3
1/9/2023,84,41,15,13,3,3
1/10/2023,82,39,15,14,2,3
1/11/2023,80,41,15,14,2,3
1/12/2023,82,43,15,14,2,3
1/13/2023,87,41,15,14,1,3
1/14/2023,83, ,15,13,2,3
1/18/2023,76,40,15,13,2,3
1/19/2023,81,37,15,13,2,3
1/20/2023,78,37,15,12,2,3
1/21/2023,78,40,15,10, ,3
1/22/2023,83,37,15,11,3,3
1/23/2023,77,33,15,10,3,2
1/24/2023,71,31,15,10,2,5
1/25/2023,68,36,15,10, ,5
1/26/2023,75,41,15,10,4,2
1/27/2023,76,48,15,11,2,3
1/28/2023,80,47,15,11,2,3
1/29/2023,79,46,15,10,4,4
1/30/2023,77,45,15,11,3,4
1/31/2023,75,50,15,13,3,4
2/1/2023,85,50,15,12,2,3
2/2/2023,84,48,15,11,2,4
2/3/2023,80,43,15,11,3,3
2/4/2023,66, ,15,10,1,1
2/5/2023,59,56,15,11,3,2
2/6/2023,136,56,15,11,5,2
2/7/2023,123,54,15,10,5,3
2/8/2023,98,54,15,10,4,3
2/9/2023,97,53,15,10,5,3
2/10/2023,93,53,15,11,6,3
2/11/2023,95, ,15,11,4,3
2/13/2023,95,54,15,10,4,3
2/14/2023,97,57,15,11,9,3
2/15/2023,104,55,15,11,5,3
2/16/2023,99,54,15,11,6,3
2/17/2023,96,54,15,11,5,3
2/18/2023,97,54,15,11,3,3
2/19/2023,96,54,15,11,2,3
2/20/2023,96,54,15,11,3,3
2/21/2023,97,56,15,11,7,3
2/22/2023,102,56,15,11,5,3
2/23/2023,103,55,15,12,5,3
2/24/2023,99,55,15,12,5,3
2/25/2023,99,55,15,11,3,3
2/26/2023,100,73,28,13,3,3
2/27/2023,109,119,45,12, ,5
2/28/2023,120,77,27,11, ,1
3/1/2023,85,117,24,12, ,1
3/2/2023,118,139,27,13,1,1
3/3/2023,141, ,34,14,1,1
3/6/2023,136,90,23,21,2,5
3/7/2023,149,89,28,17,2,5
3/8/2023,146,60,30,15,2,5
3/9/2023,126,64,26,14,1,5
3/10/2023,113,96,24,13,1,5
3/11/2023,119,79,11,14, ,4
3/12/2023,94,44, ,16, ,5
3/13/2023,68,95, ,25, ,5
3/14/2023,118,96, ,25, ,5
3/15/2023,118,92,15,22,1,5
3/16/2023,117,47,15,28,1,5
3/17/2023,76,37,15,15, ,5
3/18/2023,63,34,15,11, ,5
3/19/2023,60,36,15,12, ,5
3/20/2023,62,61,15,14,1,4
3/21/2023,81,89,15,13,3,5
3/22/2023,109,43,15,16,2,5
3/23/2023,70,44,15,23,1,4
3/24/2023,71,43,15,17,2,4
3/25/2023,71,46,15,14,2,5
3/26/2023,73,41,15,14,2,5
3/27/2023,68,96,15,17,2,5
3/28/2023,113,87,15,14,2,4
3/29/2023,105,45,15,13,2,5
3/30/2023,73,98,15,12,2,4
3/31/2023,109, , , , , 
10/11/2022,94,22,13,13,1,3
10/12/2022,82,40,12,13, ,3
10/13/2022,76,36,16,14,1,3
10/14/2022,78,36,22,13,1,3
10/15/2022,79,37,16,14, ,3
10/16/2022,65,38,20,13, ,3
10/24/2022,116,57,11,14,4,3
10/25/2022,123,66,9,15,1,4
10/26/2022,136,84,9,15,2,7
10/27/2022,129,66,5,15,1,6
10/28/2022,129,62,5,15,2,5
10/29/2022,120,59,9,14,1,5
10/30/2022,93,56,9,13,1,5
10/31/2022,98,54,9,14,2,5
11/1/2022,76,53,9,14, ,5
11/2/2022,72,53,9,14,1,5
11/3/2022,87,53,9,14,3,6
11/4/2022,81,53,9,13,2,5
11/5/2022,83,53,9,13,2,5
11/6/2022,88,53,9,13,2,5
11/7/2022,107,53,9,13,2,5
11/16/2022,44, , ,12,3,6
11/30/2022,146, , ,17,1,38
12/1/2022,150, , ,17,2,57
12/2/2022,176, , ,15,4,4
12/3/2022,154, , ,15,2,3
12/4/2022,117, , ,14,2,3
12/12/2022,100, , ,13, ,4
12/13/2022,99, , ,13, ,3
12/14/2022,91, , ,15, ,3
12/15/2022,145, , ,14, ,4
12/16/2022,175, , ,15,4,4
12/17/2022,174, , ,14,1,3
12/18/2022,176, , ,13,2,3
12/19/2022,176,86,15,14,1,3
12/20/2022,105,54,15,14,2,4
12/21/2022,88,48,15,14, ,3
12/22/2022,101,52,15,14, ,3
12/23/2022,109,57,15,14, ,3
12/24/2022,112,58,15,14, ,3
12/25/2022,68,36,15,13, ,3
12/26/2022,54,30,15,13,3,3
12/27/2022,108,57,15,13, ,3
12/28/2022,97,53,15,13,4,3
12/29/2022,108,60,15,13,4,3
12/30/2022,115,63,15,14,4,3
12/31/2022,105,62,15,14,4,3
1/1/2023,127,68,15,13,4,3
4/1/2022,94,60,15,6,2,7
4/2/2022,93,60,14,6,2,6
4/3/2022,94,61,11,6,2,5
4/4/2022,94,60,13,8,2,7
4/5/2022,94,60,15,6,2,6
4/6/2022,94,60,15,7,2,6
4/7/2022,93,63,14,6,2,5
4/8/2022,101,65,13,6,2,5
4/9/2022,107,65,12,5,2,5
4/10/2022,106,65,12,6,2,6
4/11/2022,106,66,11,6,2,6
4/12/2022,110,66,10,6,2,5
4/13/2022,112,66,11,6,2,5
4/14/2022,111,66,12,5,2,6
4/15/2022,111,65,20,5,2,7
4/16/2022,108,63,15,6,2,6
4/17/2022,104,63, ,6,2,5
4/18/2022,104,63, ,7,2,7
4/19/2022,104,63, ,8,2,8
4/20/2022,104,63, ,8,2,7
4/21/2022,104,63, ,7,2,7
4/22/2022,104,63, ,6,2,6
4/23/2022,104,63, ,5,2,5
4/24/2022,105,63, ,6,2,6
4/25/2022,104,63, ,6,2,7
4/26/2022,105,63, ,6,2,6
4/27/2022,105,63, ,7,2,7
4/28/2022,105,65, ,7,2,7
4/29/2022,113,66, ,6,2,5
4/30/2022,117,67,11,6,2,5
5/1/2022,117,67,10,6,2,6
5/2/2022,116,67,13,5,2,5
5/3/2022,121,68,11,6,2,6
5/4/2022,126,68,10,6,2,6
5/5/2022,125,67,12,6,2,6
5/6/2022,125,68,11,7,2,7
5/7/2022,126,68,11,5,2,5
5/8/2022,125,68,13,5,2,5
5/9/2022,126,68,10,6,2,6
5/10/2022,125,68,9,4,2,5
5/11/2022,125,68,9,4,2,5
5/12/2022,125,65,8,3,2,4
5/13/2022,120,63,9,3,2,5
5/14/2022,115,63,8,3,2,4
5/15/2022,115,63,7,3,2,5
5/16/2022,116,63,14,3,2,6
5/17/2022,115,63,16,4,2,5
5/18/2022,116,60,14,3,2,4
5/19/2022,111,60,13,4,2,4
5/20/2022,113,60,16,4,2,4
5/21/2022,104,57,16,4,2,4
5/22/2022,93,54,15,4,2,5
5/23/2022,93,61,16,5,2,4
5/24/2022,106,63,15,6,2,5
5/25/2022,114,59,15,6,2,6
5/26/2022,96,58,11,4,2,5
5/27/2022,82,64,11,3,2,5
5/28/2022,95,61,11,3,2,4
5/29/2022,92,64,13,3,2,5
5/30/2022,97,69,12,4,2,5
5/31/2022,97,70,11,4,4,5
6/1/2022,94,67,12,3,5,4
6/2/2022,102,63,14,4,5,4
6/3/2022,99,62,13,4,5,5
6/4/2022,94,65,17,3,5,4
6/5/2022,105,64,18,5,5,4
6/6/2022,109,64,16,4,7,4
6/7/2022,122,69,13,4,8,4
6/8/2022,127,69,11,3,8,4
6/9/2022,106,69,12,4,8,4
6/10/2022,106,69,12,3,8,4
6/11/2022,105,69,12,3,8,3
6/12/2022,105,66,11,3,8,4
6/13/2022,90,66,20,4,8,4
6/14/2022,92,60,20,4,6,3
6/15/2022,89,60,18,5,5,6
6/16/2022,90,64,18,6,5,4
6/17/2022,90,59,20,6,4,4
6/18/2022,83,55,15,5,3,3
6/19/2022,71,58,10,4,4,4
6/20/2022,91,59,11,5,4,3
6/21/2022,99,32,5,9,3,2
6/22/2022,72,35,7,8,2,3
6/23/2022,81,54,8,8,4,2
6/24/2022,82,56,8,8,5,3
6/25/2022,76,56,9,8,4,2
6/26/2022,76,63,7,8,4,3
6/27/2022,80,53,8,8,4,2
6/28/2022,80, , ,8,3,3
6/30/2022,42, , , , , 
1/3/2022,85,60,18,8, ,6
1/4/2022,78,58,23,9, ,8
1/5/2022,73,62,20,8, ,7
1/6/2022,85,69,19,8, ,7
1/7/2022,105,68,19,7, ,6
1/8/2022,102,65,20,6, ,5
1/9/2022,96,66,20,7, ,6
1/10/2022,113,66,19,7, ,6
1/11/2022,114,64,18,5, ,6
1/12/2022,94,61,17,5, ,6
1/13/2022,86,66,11,11, ,9
1/14/2022,108,66,17,9, ,6
1/15/2022,109,66,16,7, ,5
1/16/2022,108,63,15,8, ,5
1/17/2022,112,60,16,8,1,7
1/18/2022,104,61,15,9,2,7
1/19/2022,95,62,16,10,2,8
1/20/2022,99,67,16,11,2,8
1/21/2022,113,69,16,12,2,9
1/22/2022,119,69,16,8,2,5
1/23/2022,117,63,16,8,2,6
1/24/2022,100,61,17,10,2,7
1/25/2022,103,64,17,9,2,6
1/26/2022,120,64,15,9,2,6
1/27/2022,121,64,13,11,2,6
1/28/2022,117,65,14,12,2,7
1/29/2022,115,66,15,10,2,7
1/30/2022,120,65,17,10,2,7
1/31/2022,119,66,14,11,2,8
2/1/2022,118,66,20,10,2,8
2/2/2022,124,68,17,9,2,7
2/3/2022,123,66,14,10,2,6
2/4/2022,117,63,16,10,2,7
2/5/2022,121,63,17,8,2,5
2/6/2022,125,66,16,9,2,7
2/7/2022,121,62,16,9,2,6
2/8/2022,99,62,17,8,2,6
2/9/2022,99,64,14,9,2,6
2/10/2022,112,65,15,9,2,6
2/11/2022,116,62,15,9,2,6
2/12/2022,110,62,15,7,2,5
2/13/2022,110,65,16,8,2,6
2/14/2022,117,66,16,8,2,6
2/15/2022,119,66,18,8,2,7
2/16/2022,125,67,18,8,2,6
2/17/2022,130,68,17,8,2,6
2/18/2022,130,65,17,8,2,6
2/19/2022,117,62,19,8,2,6
2/20/2022,120,64,14,10,2,7
2/21/2022,120,65,17,9,2,7
2/22/2022,113,64,15,8,2,5
2/23/2022,111,63,14,8,2,5
2/24/2022,110,64,14,9,2,6
2/25/2022,110,64,15,8,2,6
2/26/2022,110,64,14,7,2,5
2/27/2022,110,63,15,8,2,6
2/28/2022,115,63,16,8,2,6
3/1/2022,113,66,14,8,2,5
3/2/2022,116,62,15,8,2,6
3/3/2022,110,62,13,9,2,6
3/4/2022,115,63,12,9,2,6
3/5/2022,118,63,12,7,2,5
3/6/2022,117,63,14,7,2,5
3/7/2022,118,63,16,7,2,6
3/8/2022,118,63,18,7,2,6
3/9/2022,117,64,19,8,2,6
3/10/2022,118,64,16,8,2,6
3/11/2022,119, , , , , 
3/13/2022,118,64, ,8,2,7
3/14/2022,118,63, ,9,2,8
3/15/2022,117,63,10,10,2,9
3/16/2022,117,65,14,11,2,9
3/17/2022,113,66,16,9,2,8
3/18/2022,110,67,14,7,2,6
3/19/2022,115,69,15,8,2,6
3/20/2022,119,68,13,8,2,7
3/21/2022,120,64,13,9,2,8
3/22/2022,108,56,15,8,2,8
3/23/2022,86,60,14,7,2,7
3/24/2022,93,60,15,6,2,7
3/25/2022,94,60,13,7,2,7
3/26/2022,94,60,14,6,2,7
3/27/2022,94,60,14,8,2,8
3/28/2022,94,61,14,7,2,7
3/29/2022,94,60,12,7,2,6
3/30/2022,93,60,12,8,2,6
3/31/2022,94,61,14,7,2,6
10/1/2021,129,40,7,5, ,7
10/2/2021,105,35,31,5, ,7
10/3/2021,77,43,23,8, ,8
10/4/2021,88,55,20,9, ,8
10/5/2021,113,51,23,8, ,7
10/6/2021,105, , , , , 
10/11/2021,88,10,3,62, ,7
10/12/2021,68,10,3,9, ,7
10/13/2021,70,10,3,64, ,7
10/14/2021,63,10,5,119, ,8
10/15/2021,84,10,6,60, ,9
10/16/2021,107,10,5,12, ,7
10/17/2021,84,10,6,12, ,8
10/18/2021,93,10,6,19, ,9
10/19/2021,122,10,10,21, ,10
10/20/2021,133,13,10,21, ,10
10/21/2021,130,10,10,21, ,9
10/22/2021,104,10,10,19, ,10
10/23/2021,128,10,15,22, ,6
10/24/2021,76,10,14,26, ,8
10/25/2021,98,13,11,17, ,9
10/26/2021,121,10,11,18, ,10
10/27/2021,140,10,14,17,1,9
10/28/2021,143,13,10,14,2,9
10/29/2021,128,17,8,11,2,8
10/30/2021,76,17,8,10,2,7
10/31/2021,75,17,9,8,2,7
11/1/2021,65,17,8,9,2,7
11/2/2021,65,22,8,8,1,7
11/3/2021,130,44,2,8, ,6
11/4/2021,135,50,17,8, ,5
11/5/2021,130,47,14,11,2,6
11/6/2021,93,52,13,11,2,6
11/7/2021,143,56,3,9,2,9
11/8/2021,160,49,4,8,2,8
11/9/2021,116,49,5,9,2,7
11/10/2021,100,50,7,7,2,6
11/11/2021,115,50,6,6,2,8
11/12/2021,344,47,3,7,2,9
11/13/2021,625,47,21,7,2,7
11/14/2021,552,45,20,8,2,6
11/15/2021,286,45,18,9,2,8
11/16/2021,100,48,17,10,2,8
11/17/2021,107,48,18,10,2,7
11/18/2021,107,48,17,8,2,5
11/19/2021,107,49,16,7,2,5
11/20/2021,105,50,19,8,2,5
11/21/2021,102,50,16,11,2,8
11/22/2021,102,50,14,12,2,7
11/23/2021,102,50,14,12,2,7
11/24/2021,102,50,14,12,2,7
11/25/2021,102,50,15,12,2,7
11/26/2021,102,50,15,12,2,7
11/27/2021,102,50,16,10,2,6
11/28/2021,102,50,16,10,2,6
11/29/2021,102,50,16,10,2,6
11/30/2021,102,50,10,9,2,8
12/1/2021,102,50,5,8,2,9
12/2/2021,102,50,4,8,2,9
12/3/2021,102,50, ,8,2,9
12/4/2021,102,50, ,7,2,6
12/5/2021,102,50, ,8,2,8
12/6/2021,102,50,3,8,2,8
12/7/2021,254,50,5,8,2,7
12/8/2021,591,50,2,8,2,7
12/9/2021,447,50,4,8,2,7
12/10/2021,117,50,3,7,2,7
12/11/2021,397,50,4,6,2,6
12/12/2021,108,50,3,7,2,7
12/13/2021,106,50,4,7,2,7
12/14/2021,235,50,4,7,2,8
12/15/2021,116,50,6,7,2,8
12/16/2021,112,50,6,8,2,8
12/17/2021,103,50,6,8,2,8
12/18/2021,304,50,7,7,2,6
12/19/2021,487,50,6,9,2,7
12/20/2021,153,50,8,11,2,10
12/21/2021,96,50,7,11,2,9
12/24/2021,120,50,6,11,2,8
12/25/2021,548,50,6,9,2,6
12/26/2021,266,50, ,9,2,7
12/30/2021,59,36,17,9,1,7
12/31/2021,85,55,18,8, ,7
1/1/2022,85,55,21,6, ,5
1/2/2022,85,59,20,9, ,7
7/1/2021,86,40, ,6,2,4
7/2/2021,85,48, ,6,2,4
7/3/2021,85,27, ,5,2,3
7/4/2021,85,27, ,7,1,3
7/5/2021,85,44, ,8,2,5
7/6/2021,85,49, ,8,1,5
7/7/2021,85,41, ,8,2,5
7/8/2021,85,40, ,7,2,4
7/9/2021,94,29, ,7,2, 
7/10/2021,85,22, ,6,2, 
7/11/2021,85,41, ,6,1,4
7/12/2021,83,46, ,6,2,4
7/13/2021,82,39, ,6,1,4
7/14/2021,59,37, ,6,1,4
7/15/2021,59,36, ,9,1,4
7/16/2021,43,44,23,15,2,8
7/17/2021,81,24,36,12, ,4
7/19/2021,46,44,34,10, ,5
7/20/2021,46,50,33,10, ,5
7/21/2021,52,47,17,10, ,6
7/22/2021,86,48,16,8, , 
7/23/2021,71,51,16,9, , 
7/24/2021,68,37,29,7, , 
7/25/2021,69,31,32,7, , 
7/26/2021,70,52,14,8, , 
7/27/2021,71,50,16,8, , 
7/28/2021,80,56,17,8, , 
7/29/2021,83,51,17,7, , 
7/30/2021,85,52,17,8, , 
7/31/2021,88,43,17,7, , 
8/1/2021,88,52,16,6,1, 
8/2/2021,88, , ,6,1, 
8/4/2021,89,50,15,7, , 
8/5/2021,88,44,16,6, , 
8/6/2021,89,46,12,6, , 
8/7/2021,90,40,14,6, , 
8/8/2021,90,42,14,7, , 
8/9/2021,88,48,15,6, , 
8/10/2021,99,56,15,6, , 
8/11/2021,101,50,15,5, , 
8/12/2021,104,56,15,6, , 
8/13/2021,100,56,15,5, , 
8/14/2021,97,52,16,4, , 
8/15/2021,97,55,15,5, , 
8/16/2021,110,56,14,6, , 
8/17/2021,121,54,14,5, , 
8/18/2021,110,49,15,5, , 
8/19/2021,97,59,13,5, , 
8/20/2021,90,59,8,6, , 
8/21/2021,84,46,15,6, , 
8/22/2021,80,47,14,5, , 
8/23/2021,84,47,14,6, , 
8/24/2021,90,49,13,5, , 
8/25/2021,90,45,11,6, ,7
8/26/2021,194,43,10,6, ,7
8/27/2021,168,40,12,6, ,7
8/28/2021,350,35,14,5, ,6
8/29/2021,169,43,15,5, ,7
8/30/2021,77,60,13,5, ,7
8/31/2021,73,57,13,5, ,7
9/1/2021,85,52,23,6, ,7
9/2/2021,67,41,23,7, ,6
9/3/2021,66,45,23,7, ,6
9/4/2021,68,34,23,6, ,6
9/5/2021,58,34,23,6, ,6
9/6/2021,49,45,14,6, ,7
9/7/2021,60,48,11,6, ,7
9/8/2021,64,55,12,6, ,7
9/9/2021,70,47,13,5, ,6
9/10/2021,112,52,12,5, ,6
9/14/2021,71,57,12,6, ,7
9/15/2021,91,58,11,6, ,7
9/16/2021,90,59,9,6, ,7
9/17/2021,105,61,10,7, ,7
9/18/2021,91,53,12,6, ,6
9/19/2021,95,59,11,7, ,9
9/20/2021,108,41,9,6, ,7
9/21/2021,92,39,10,5, ,7
9/22/2021,76,44,10,5, ,6
9/23/2021,80,49,10,6, ,8
9/24/2021,83,48,9,6, ,7
9/25/2021,112,37,18,6, ,6
9/26/2021,80,32,10,5, ,7
9/27/2021,69,47,10,5, ,7
9/28/2021,76,50,10,5, ,7
9/29/2021,91,54,9,6, ,9
9/30/2021,95,55,8,6, ,8
4/1/2021,115,75,13,13,2,6
4/2/2021,224,92,17,11,1,6
4/3/2021,525,91,15,9,2,4
4/4/2021,440,100,15,10,2,6
4/5/2021,169,95,20,10,2,7
4/6/2021,113,90,20,11,2,7
4/7/2021,118,96,19,12,2,7
4/8/2021,118,89,21,12,2,8
4/9/2021,120,86,21,11,2,7
4/10/2021,118,59,17,9,1,5
4/11/2021,118,59,12,9,2,5
4/12/2021,118,52,13,9,2,4
4/13/2021,118,52,12,10,2,5
4/14/2021,118,45,17,10,2,5
4/15/2021,110,66,19,9,2,6
4/16/2021,93,91,38,11,2,9
4/17/2021,111,59,37,8,2,5
4/18/2021,143,91,44,10,3,6
4/19/2021,134,66,48,9,2,5
4/20/2021,147,75,21,10,2,6
4/21/2021,151,70,13,9,2,6
4/22/2021,125,52,13,7,2,5
4/23/2021,97,46,11,7,2,5
4/24/2021,86,61,11,7,2,6
4/25/2021,103,78,12,9,2,7
4/26/2021,130,82,11,10,3,7
4/27/2021,128,85,13,9,3,7
4/28/2021,131,76,16,8,3,5
4/29/2021,140,67,13,8,2,5
4/30/2021,135,67,13,7,2,3
5/1/2021,143,52,12,6,2, 
5/2/2021,117,45,11,7,2, 
5/3/2021,100,55,11,7,1, 
5/4/2021,113,58,12,7,2, 
5/5/2021,120,51,12,6,2, 
5/6/2021,111,47,10,7,2,2
5/7/2021,102,46,11,6,2,4
5/8/2021,94,38,11,6,2,4
5/9/2021,82,36,11,6,2,4
5/10/2021,91,40,11,6,2,4
5/11/2021,104,41,11,6,2,4
5/12/2021,87,27,11,6,1,4
5/13/2021,66,24,13,5,2,4
5/14/2021,62,13,12,4,2,3
5/15/2021,52,12,11,4,1,3
5/16/2021,45,20,10,5,1,3
5/17/2021,53,24,10,5,2,3
5/18/2021,63,21,10,4,2,3
5/19/2021,52,22,8,5,1,3
5/20/2021,59,21,8,5,2,3
5/21/2021,58,25,10,5,2,4
5/22/2021,58,29,9,5,2,3
5/23/2021,64,45,10,5,1,3
5/24/2021,73,33,9,5,2,3
5/25/2021,73,56,10,5,2,3
5/26/2021,85,50,11,6,2,3
5/27/2021,83,55,10,6,2,4
5/28/2021,87,40,11,5,2,3
5/29/2021,68,25,10,5,2,3
5/30/2021,58,30,9,6,2,3
5/31/2021,58,30,9,5,2,3
6/1/2021,61,34,9,6,2,4
6/2/2021,69,32,8,6,2,4
6/3/2021,61,27,27,6,2,4
6/4/2021,61,18,26,6,2,4
6/5/2021,54,13,24,5,1,3
6/6/2021,43,32,24,7,2,4
6/7/2021,64,49,24,7,2,4
6/8/2021,88,36,23,6,2,3
6/9/2021,72,27,24,6,2,3
6/10/2021,59,37,22,6,2,4
6/11/2021,64,27,19,6,2,3
6/12/2021,68,15,18,6,1,3
6/13/2021,53,24,8,7,2,3
6/14/2021,50,42,8,7,2,4
6/15/2021,67,51,8,6,1,3
6/16/2021,79,57,8,6,2,3
6/17/2021,78,64,9,6,2,3
6/18/2021,88,65,9,6,2,3
6/19/2021,88,59,10,5,1,3
6/20/2021,83,54,9,6,2,4
6/21/2021,81,67,9,7,2,4
6/22/2021,100,69,8,7,2,4
6/23/2021,97,66, ,6,2,4
6/24/2021,99,71, ,7,2,4
6/25/2021,103,53, ,6,2,4
6/26/2021,80,34, ,5,2,3
6/27/2021,68,52, ,7,2,4
6/28/2021,72,53, ,7,1,5
6/29/2021,61,50, ,7,2,4
6/30/2021,64,45, ,6,2,4
1/4/2021,102,46,24,10,1,6
1/5/2021,96,31,19,8,2,6
1/6/2021,71,24,123,8,1,7
1/7/2021,70,39,57,8,1,6
1/8/2021,85,39,6,10,1,7
1/9/2021,83,57,6,9,1,6
1/10/2021,90,59,1,11,2,7
1/11/2021,112,60, ,11,1,7
1/12/2021,112,57,1,10,2,7
1/13/2021,104,62,1,8,2,6
1/14/2021,103,69,1,8,1,6
1/15/2021,119,89,1,8,1,7
1/16/2021,130,91,1,7,2,6
1/17/2021,118,86,2,9,1,6
1/18/2021,117,90,1,10,2,7
1/19/2021,115,96,2,10,1,8
1/20/2021,132,94,2,10,2,8
1/21/2021,130,82,1,10,3,8
1/22/2021,130,102,2,9,3,7
1/23/2021,146,126,1,10,2,6
1/24/2021,121,103,2,10,2,7
1/25/2021,127,99,2,9,2,6
1/26/2021,110,98,2,10,2,6
1/27/2021,130,108,2,10,2,7
1/28/2021,145,76,11,9,2,6
1/29/2021,148,70,12,11,2,7
1/30/2021,145,70,12,10,3,6
1/31/2021,133,70,11,12,2,6
2/1/2021,117,70,12,11,3,6
2/2/2021,110,70,13,10,3,6
2/3/2021,115,70,13,11,3,6
2/4/2021,104,70,14,11,2,6
2/5/2021,95,70,14,13,2,7
2/6/2021,121,70,14,11,2,6
2/7/2021,120,70,15,12,2,7
2/8/2021,137,70,15,12,3,6
2/9/2021,133,70,16,13,3,7
2/10/2021,139,70,14,12,2,7
2/11/2021,142,70,15,12,4,6
2/12/2021,129,70,15,13,4,7
2/13/2021,132,70,18,12,3,7
2/14/2021,129,70,16,12,5,7
2/15/2021,129,70,18,12,5,7
2/16/2021,139,70,18,12,1,7
2/17/2021,129,70,16,10,3,6
2/18/2021,141,70,14,10,3,6
2/19/2021,137,63,8,10,2,6
2/20/2021,95,55,10,7,2,5
2/21/2021,68,55,11,8,1,6
2/22/2021,75,55,11,10,2,7
2/23/2021,98,53,14,11,1,7
2/24/2021,106,53,20,10,2,7
2/25/2021,101, , , , , 
2/27/2021,101,57,21,9,2,6
2/28/2021,85,57,18,12,2,7
3/1/2021,97,57,21,11,2,7
3/2/2021,97,86,15,12,2,6
3/3/2021,142,78,18,14,2,6
3/4/2021,135,67,15,15,2,6
3/5/2021,118,72,15,15,2,7
3/6/2021,122,66,18,14,1,6
3/7/2021,125,58,16,15,2,6
3/8/2021,102,57,18,15,2,6
3/9/2021,102,56,15,14,3,6
3/10/2021,91,54,15,12,2,5
3/11/2021,94,62,16,14,2,5
3/12/2021,113,67,19,14,2,6
3/13/2021,110,58,17,12,2,5
3/14/2021,105,62,19,13,3,15
3/15/2021,117,70,17,14,2,59
3/16/2021,131,73,20,17,2,45
3/17/2021,138,84,20,19,2,7
3/18/2021,150,83,19,21,2,8
3/19/2021,141,79,21,18,2,7
3/20/2021,393,77,21,16,2,6
3/21/2021,161,92,15,17,3,7
3/22/2021,137,85,18,14,1,7
3/23/2021,160,85,14,13,1,7
3/24/2021,140,89,14,12,2,7
3/25/2021,104,104,18,14,2,7
3/26/2021,135,97,20,12,2,7
3/27/2021,150,96,18,13,2,7
3/28/2021,175,97,20,15,2,8
3/29/2021,108,87,16,13,2,7
3/30/2021,62,140,16,15,2,9
3/31/2021,139,83,13,14,2,6
10/1/2020,73, , ,4, ,6
10/2/2020,69, , ,4, ,5
10/3/2020,71, , ,4,1,4
10/4/2020,59, , ,5, ,5
10/5/2020,67, , ,5,1,7
10/6/2020,79, , ,5, ,7
10/7/2020,84, , ,5, ,9
10/8/2020,89, , ,4, ,10
10/9/2020,92, , ,4,1,7
10/10/2020,64, , ,4, ,7
10/11/2020,61, , ,4, ,7
10/12/2020,68, , ,4, ,8
10/13/2020,67, , ,4, ,5
10/14/2020,66, , ,4, ,6
10/15/2020,68, , ,4, ,8
10/16/2020,97, , ,4, ,9
10/17/2020,93, , ,4, ,9
10/18/2020,88, , ,4, ,8
10/19/2020,128, , ,4, ,8
10/20/2020,81, , ,4, ,6
10/21/2020,155, , ,4,1,8
10/22/2020,76, , ,4, ,7
10/23/2020,110, , ,4,1,7
10/24/2020,75, , ,4,1,8
10/25/2020,98, , ,5,1,9
10/26/2020,83, , ,5,1,10
10/27/2020,107, , ,5,1,10
10/28/2020,103, , ,5, ,10
10/29/2020,106, , ,6,1,11
10/30/2020,105, , ,5, ,13
10/31/2020,129, , ,4,1,9
11/1/2020,119, , ,4,1,13
11/2/2020,138, , ,3,1,12
11/3/2020,115, , ,3,1,11
11/4/2020,100, , ,3, ,11
11/5/2020,126, , ,3,1,9
11/6/2020,194, , ,3, ,8
11/7/2020,66, , ,3,1,7
11/8/2020,73, , ,4,1,10
11/9/2020,91, , ,4, ,11
11/10/2020,86, , ,4,1,11
11/11/2020,91, , ,4,1,10
11/12/2020,93, , ,4, ,11
11/13/2020,74, , ,4,1,8
11/14/2020,69, , ,3,1,7
11/15/2020,73, , ,4, ,8
11/16/2020,73, , ,5,1,9
11/17/2020,74, , ,6,1,9
11/18/2020,69, , ,6,1,10
11/19/2020,79, , ,5, ,10
11/20/2020,72, , ,7,1,10
11/21/2020,69, , ,7, ,9
11/22/2020,76, , ,8,1,11
11/23/2020,91, , ,5, ,11
11/24/2020,82, , ,5, ,10
11/25/2020,67, , ,4,1,63
11/26/2020,59, , ,5,1,14
11/27/2020,58, , ,5,1,15
11/28/2020,55, , ,4, ,13
11/29/2020,47,90,10,9,1,15
11/30/2020,63,135,20,7,1,14
12/1/2020,87,62,26,9,1,14
12/2/2020,91,51,18,10,1,13
12/3/2020,153, ,12,11,1,15
12/4/2020,107, ,9,10,1,15
12/5/2020,58, ,13,20,1,11
12/6/2020,69, , ,24,1,12
12/7/2020,64, ,11,18, ,20
12/8/2020,62, ,23,16, ,35
12/9/2020,64, ,34,18,1,5
12/10/2020,76, ,39,19, ,6
12/11/2020,88, ,49,13,1,7
12/12/2020,98, ,54,9, ,5
12/13/2020,93, ,49,11,1,6
12/14/2020,100, ,44,11,1,6
12/15/2020,100, ,37,10,1,6
12/16/2020,93, ,28,9,1,6
12/17/2020,89,70,35,9,1,5
12/18/2020,98,78,31,8, ,6
12/19/2020,101,86,36,7,1,5
12/20/2020,107,80,43,8,1,6
12/21/2020,106,77,47,8, ,6
12/22/2020,102,78,46,8, ,6
12/23/2020,104,81,40,12,5,11
12/24/2020,107,82,38,12, ,7
12/25/2020,137,81,36,12, ,7
12/26/2020,128,82,34,11,1,7
12/27/2020,136,89,31,14, ,7
12/28/2020,146,90,32,13,1,8
12/29/2020,143,75,37,10, ,6
12/30/2020,131,60,27,9, ,7
12/31/2020,102,71,34,10, ,6
1/1/2021,135,72,33,10,1,7
1/2/2021,131,49,33,7,1,6
1/3/2021,94,48,25,9,1,6
7/1/2020,80, , ,2,1,6
7/2/2020,75, , ,1,1,6
7/3/2020,62, , ,1,1,5
7/4/2020,73, , ,1,1,4
7/5/2020,74, , ,1,1,6
7/6/2020,76, , ,1,1,6
7/7/2020,69, , ,1, ,5
7/8/2020,67, , ,2,1,5
7/9/2020,68, , ,2,1,5
7/10/2020,73, , ,2, ,5
7/11/2020,71, , ,1,1,4
7/12/2020,61, , ,2,1,5
7/13/2020,73, , ,2,1,5
7/14/2020,68, , ,2, ,5
7/15/2020,65, , ,1, ,5
7/16/2020,63, , ,1, ,5
7/17/2020,66, , ,1,1,6
7/18/2020,68, , ,1, ,6
7/19/2020,67, , ,1,1,5
7/20/2020,71, , ,1, ,5
7/21/2020,60, , ,2, ,6
7/22/2020,89, , ,2,1,6
7/23/2020,79, , ,2,1,5
7/24/2020,68, , ,1,1,5
7/25/2020,74, , ,1, ,4
7/26/2020,63, , ,1, ,4
7/27/2020,71, , ,1,1,4
7/28/2020,62, , ,3, ,7
7/29/2020,79, , ,2, ,6
7/30/2020,69, , ,2, ,6
7/31/2020,67, , ,3, ,5
8/1/2020,168, , ,52, ,4
8/2/2020,55, , ,4, ,6
8/3/2020,69, , ,2, ,5
8/4/2020,72, , ,2,1,5
8/5/2020,69, , ,2, ,5
8/6/2020,71, , ,1, ,5
8/7/2020,72, , ,1, ,5
8/8/2020,71, , ,1,1,5
8/9/2020,63, , ,1, ,5
8/10/2020,74, , ,1,1,5
8/11/2020,79, , ,1, ,5
8/12/2020,80, , ,1, ,5
8/13/2020,81, , ,1, ,6
8/14/2020,83, , ,1,1,4
8/15/2020,73, , ,1,1,5
8/16/2020,76, , ,1, ,6
8/17/2020,77, , ,1, ,5
8/18/2020,74, , ,2, ,5
8/19/2020,79, , ,1,1,6
8/20/2020,78, , ,1, ,5
8/21/2020,81, , ,1,1,4
8/22/2020,88, , ,1, ,4
8/23/2020,78, , ,1, ,5
8/24/2020,86, , ,2,1,6
8/25/2020,71, , ,2, ,5
8/26/2020,90, , ,1, ,1
8/27/2020,59, , ,3, ,4
8/28/2020,80, , ,3, ,6
8/29/2020,99, , ,2,1,9
8/30/2020,116, , ,2,1,5
8/31/2020,108, , ,2, ,5
9/1/2020,183, , ,2, ,7
9/2/2020,188, , ,2,1,9
9/3/2020,70, , ,1,1,10
9/4/2020,79, , ,1, ,10
9/5/2020,97, , ,1, ,7
9/6/2020,85, , ,2, ,5
9/7/2020,64, , ,1, ,8
9/8/2020,57, , ,2, ,7
9/9/2020,74, , ,2,1,5
9/10/2020,58, , ,2, ,5
9/11/2020,73, , ,2, ,5
9/12/2020,65, , ,2, ,5
9/13/2020,61, , ,2, ,6
9/14/2020,58, , ,2,1,5
9/15/2020,66, , ,2,1,6
9/16/2020,71, , ,2,1,6
9/17/2020,61, , ,2, ,5
9/18/2020,56, , ,2,1,5
9/19/2020,58, , ,2, ,4
9/20/2020,53, , ,2,1,5
9/21/2020,56, , ,2, ,5
9/22/2020,68, , ,2,1,5
9/23/2020,67, , ,2, ,6
9/24/2020,72, , ,2,1,6
9/25/2020,71, , ,2,1,6
9/26/2020,68, , ,2,1,5
9/27/2020,59, , , , , 
9/29/2020,66, , ,3,1,5
9/30/2020,63, , ,4,1,5
4/1/2020,95, , ,2,1,6
4/2/2020,102, , ,2,1,7
4/3/2020,122, , ,2,1,6
4/4/2020,123, , ,2,1,6
4/5/2020,116, , ,2,1,7
4/6/2020,97, , ,2,1,6
4/7/2020,72, , ,2,1,7
4/8/2020,76, , ,2,1,7
4/9/2020,89, , ,2,1,8
4/10/2020,100, , ,2,1,8
4/11/2020,118, , ,2,2,6
4/12/2020,100, , ,2,1,6
4/13/2020,101, , ,3,1,6
4/14/2020,115, , ,2,1,7
4/15/2020,123, , ,2,1,6
4/16/2020,100, , ,2,1,8
4/17/2020,114, , ,2,1,7
4/18/2020,105, , ,2, ,7
4/19/2020,101, , ,2,1,8
4/20/2020,111, , ,2,1,7
4/21/2020,92, , ,2,1,7
4/22/2020,100, , ,2,1,10
4/23/2020,124, , ,3,1,7
4/24/2020,89, , ,2,1,8
4/25/2020,98, , ,2,1,8
4/26/2020,87, , ,2,1,8
4/27/2020,92, , ,1,1,7
4/28/2020,98, , ,2, ,7
4/29/2020,66, , ,3,1,8
4/30/2020,95, , ,1,1,7
5/1/2020,104, , ,2,1,16
5/2/2020,81, , , , , 
5/6/2020,124, , ,8,1,13
5/7/2020,130, , , , , 
5/11/2020,113, , ,3,1,8
5/12/2020,86, , ,2,1,8
5/13/2020,84, , ,2,1,8
5/14/2020,97, , ,3,1,9
5/15/2020,87, , ,3,1,9
5/16/2020,96, , ,2,1,7
5/17/2020,92, , ,2,1,7
5/18/2020,88, , ,2,1,7
5/19/2020,130, , ,2,1,5
5/20/2020,97, , ,2,1,7
5/21/2020,103, , ,2,1,6
5/22/2020,89, , ,2,1,6
5/23/2020,89, , ,2,1,6
5/24/2020,97, , ,2,1,8
5/25/2020,87, , ,2,1,7
5/26/2020,92, , ,2,1,9
5/27/2020,88, , ,2,1,6
5/28/2020,85, , ,3,1,7
5/29/2020,102, , ,4,1,9
5/30/2020,72, , ,3,1,7
5/31/2020,93, , ,2,1,6
6/1/2020,63, , ,2,1,5
6/2/2020,62, , ,2,1,5
6/3/2020,60, , ,2,1,6
6/4/2020,71, , ,2,2,6
6/5/2020,72, , ,3,1,6
6/6/2020,86, , ,2,1,5
6/7/2020,78, , ,2,1,5
6/8/2020,85, , ,2,1,6
6/9/2020,93, , ,2,1,6
6/10/2020,93, , ,2,1,6
6/11/2020,71, , ,2,1,5
6/12/2020,74, , ,2,1,6
6/13/2020,80, , ,2,1,4
6/14/2020,75, , ,2,1,8
6/15/2020,102, , ,2,2,5
6/16/2020,92, , ,2,2,6
6/17/2020,96, , ,2,1,5
6/18/2020,107, , ,2,1,6
6/19/2020,92, , ,2,1,6
6/20/2020,89, , ,2,1,5
6/21/2020,79, , ,2,1,4
6/22/2020,75, , ,2,1,6
6/23/2020,97, , ,2,1,6
6/24/2020,89, , ,2,1,7
6/25/2020,76, , ,3,1,7
6/26/2020,72, , ,3,1,7
6/27/2020,82, , ,1,1,6
6/28/2020,76, , ,2,1,6
6/29/2020,87, , ,2,1,6
6/30/2020,66, , ,2,1,6
1/1/2020,101, , ,14,1,10
1/2/2020,94, , ,13,1,10
1/3/2020,99, , ,17,1,12
1/4/2020,138, , ,13,1,10
1/5/2020,134, , ,13, ,10
1/6/2020,94, , ,13,1,10
1/7/2020,88, , ,14,1,10
1/8/2020,109, , ,17,1,11
1/9/2020,129, , ,15,1,9
1/10/2020,117, , ,14,1,8
1/11/2020,108, , ,17,1,10
1/12/2020,123, , ,18,1,12
1/13/2020,142, , ,18,1,12
1/14/2020,151, , ,15,1,9
1/15/2020,126, , ,18,1,10
1/16/2020,129, , ,19,1,10
1/17/2020,122, , ,13,1,8
1/18/2020,96, , ,12,1,8
1/19/2020,81, , ,15,1,9
1/20/2020,114, , ,14,1,8
1/21/2020,114, , ,14,1,9
1/22/2020,104, , ,13,1,8
1/23/2020,111, , ,17,1,9
1/24/2020,115, , ,19,1,10
1/25/2020,118, , ,18,1,8
1/26/2020,110, , ,18,1,10
1/27/2020,129, , ,15,1,9
1/28/2020,143, , ,17,1,10
1/29/2020,138, , ,20,1,11
1/30/2020,129, , ,15,1,9
1/31/2020,135, , ,13,1,9
2/1/2020,144, , ,11,1,7
2/2/2020,111, , ,13,1,8
2/3/2020,121, , ,13,1,8
2/4/2020,104, , ,13,1,9
2/5/2020,108, , ,13,1,8
2/6/2020,124, , ,12,1,9
2/7/2020,137, , ,13,1,8
2/8/2020,135, , ,10,1,7
2/9/2020,117, , ,10,1,8
2/10/2020,103, , ,10,1,7
2/11/2020,109, , ,11,1,8
2/12/2020,112, , ,11,1,8
2/13/2020,116, , ,12,1,10
2/14/2020,127, , ,21,1,12
2/15/2020,140, , ,12,1,8
2/16/2020,112, , ,14,1,9
2/17/2020,123, , ,13,1,9
2/18/2020,129, , ,12,1,9
2/19/2020,132, , ,13,1,8
2/20/2020,130, , ,10,1,7
2/21/2020,111, , ,9,1,7
2/22/2020,112, , ,7,1,8
2/23/2020,113, , ,9,1,9
2/24/2020,108, , ,11,1,11
2/25/2020,123, , ,9,1,9
2/26/2020,120, , ,9,1,10
2/27/2020,122, , ,8,1,9
2/28/2020,133, , ,9,1,9
2/29/2020,130, , ,7,1,8
3/1/2020,118, , ,10,1,11
3/2/2020,142, , ,13,1,13
3/3/2020,164, , ,11,1,10
3/4/2020,138, , ,6,1,8
3/5/2020,146, , ,6,1,8
3/6/2020,129, , ,6,1,9
3/7/2020,134, , ,5,1,8
3/8/2020,120, , ,5,1,8
3/9/2020,125, , ,5,1,8
3/10/2020,135, , ,6,1,9
3/11/2020,116, , ,7,1,9
3/12/2020,113, , ,7,1,8
3/13/2020,110, , ,7,1,8
3/14/2020,115, , ,5,1,7
3/15/2020,109, , ,5,1,8
3/16/2020,107, , ,5,1,7
3/17/2020,94, , ,7,1,7
3/18/2020,97, , ,7,1,9
3/19/2020,117, , ,6,1,9
3/20/2020,135, , ,7,1,10
3/21/2020,113, , ,3,1,7
3/22/2020,99, , ,7,1,11
3/23/2020,128, , ,3,1,8
3/24/2020,135, , ,2,1,6
3/25/2020,100, , ,2,1,6
3/26/2020,99, , ,2,1,6
3/27/2020,98, , ,2,1,6
3/28/2020,90, , ,2,1,6
3/29/2020,107, , , , , 
10/1/2019,71, , ,16,1,7
10/2/2019,57, , ,13,1,10
10/3/2019,80, , , , , 
10/5/2019,92, , ,13,1,8
10/6/2019,67, , ,12,1,11
10/7/2019,71, , ,11,1,7
10/8/2019,76, , ,15,1,10
10/9/2019,65, , ,17,1,11
10/10/2019,223, , ,19,2,10
10/11/2019,91, , ,14,2,7
10/12/2019,83, , ,12,2,3
10/13/2019,63, , ,16,1,6
10/14/2019,65, , ,12,1,5
10/15/2019,72, , ,10,1,7
10/16/2019,64, , ,12,1,9
10/17/2019,60, , ,11,2,9
10/18/2019,62, , ,11,2,6
10/19/2019,57, , ,11,2,7
10/20/2019,63, , ,12,1,9
10/21/2019,79, , ,10,1,7
10/22/2019,62, , ,12,1,8
10/23/2019,53, , ,11,2,4
10/24/2019,53, , ,12,2,5
10/25/2019,60, , ,11,2,7
10/26/2019,58, , ,11,2,11
10/27/2019,66, , ,9,3,11
10/28/2019,84, , ,8,3,11
10/29/2019,76, , ,9,2,11
10/30/2019,65, , ,10,2,10
10/31/2019,60, , ,11,2,8
11/1/2019,68, , ,13,2,12
11/2/2019,72, , ,12,2,9
11/3/2019,69, , ,18,2,12
11/4/2019,90, , ,21,1,14
11/5/2019,105, , ,18,1,13
11/6/2019,112, , ,18,2,13
11/7/2019,122, , ,15,2,12
11/8/2019,104, , ,13,1,10
11/9/2019,88, , ,11,1,11
11/10/2019,96, , ,13,2,11
11/11/2019,111, , ,13,3,10
11/12/2019,80, , ,14,3,9
11/13/2019,86, , ,13,3,9
11/14/2019,72, , ,14,3,11
11/15/2019,72, , ,12,3,11
11/16/2019,70, , ,10,3,8
11/17/2019,76, , ,12,3,10
11/18/2019,81, , ,12,3,10
11/19/2019,75, , ,11,3,10
11/20/2019,70, , ,13,3,11
11/21/2019,94, , ,12,3,10
11/22/2019,95, , ,13,3,9
11/23/2019,79, , ,12,3,10
11/24/2019,50, , ,13,3,10
11/25/2019,49, , ,13,3,9
11/26/2019,50, , ,14,2,10
11/27/2019,68, , ,15,2,10
11/28/2019,68, , ,14,2,9
11/29/2019,78, , ,13,1,9
11/30/2019,88, , ,10,1,10
12/1/2019,64, , ,11,1,9
12/2/2019,68, , ,12,1,9
12/3/2019,90, , ,12,1,8
12/4/2019,116, , ,13,2,8
12/5/2019,137, , ,14,2,10
12/6/2019,148, , ,15,2,11
12/7/2019,125, , ,13,1,9
12/8/2019,90, , ,14,2,10
12/9/2019,91, , ,14,1,8
12/10/2019,83, , ,17,1,10
12/11/2019,96, , ,15,2,9
12/12/2019,94, , ,15,2,9
12/13/2019,105, , ,13,2,9
12/14/2019,90, , ,13,5,8
12/15/2019,81, , ,13,6,9
12/16/2019,89, , ,13,6,8
12/17/2019,90, , ,14,6,10
12/18/2019,125, , ,14,3,10
12/19/2019,108, , ,16, ,10
12/20/2019,122, , ,14,1,10
12/21/2019,132, , ,12,1,8
12/22/2019,129, , ,14,1,9
12/23/2019,130, , ,14,1,10
12/24/2019,115, , ,13,1,11
12/25/2019,111, , ,14,1,11
12/26/2019,128, , ,14,1,10
12/27/2019,124, , ,13,1,8
12/28/2019,116, , ,13,1,8
12/29/2019,109, , , , , 
7/1/2019,91, , ,13,1,8
7/2/2019,94, , ,12,1,7
7/3/2019,86, , ,13,2,10
7/4/2019,104, , ,12,2,7
7/5/2019,91, , ,12,2,6
7/6/2019,76, , , , , 
7/9/2019,82, , ,13,3,6
7/10/2019,76, , ,14,3,6
7/11/2019,81, , ,14,5,6
7/12/2019,93, , ,13,5,4
7/13/2019,87, , ,12,5,5
7/14/2019,75, , ,13,3,5
7/15/2019,72, , ,13,3,6
7/16/2019,88, , ,13,2,5
7/17/2019,101, , ,13,2,4
7/18/2019,99, , ,12,2,5
7/19/2019,80, , ,13,2,5
7/20/2019,68, , ,13,2,6
7/21/2019,75, , ,12,1,5
7/22/2019,72, , ,13, ,8
7/23/2019,84, , ,14, ,7
7/24/2019,91, , ,13,1,8
7/25/2019,82, , ,13,1,7
7/26/2019,91, , ,12,1,7
7/27/2019,91, , ,12,1,6
7/28/2019,91, , ,12,1,7
7/29/2019,84, , ,13,1,6
7/30/2019,84, , ,12,1,6
7/31/2019,81, , ,11,1,4
8/1/2019,71, , ,12,1,6
8/2/2019,68, , ,12,1,7
8/3/2019,68, , , , , 
8/14/2019,71, , ,10,1,6
8/15/2019,60, , ,12,1,7
8/16/2019,66, , ,13,1,7
8/17/2019,65, , ,12,1,8
8/18/2019,71, , ,16,1,5
8/19/2019,70, , ,18,2,7
8/20/2019,64, , ,17,2,6
8/21/2019,68, , ,16,2,6
8/22/2019,70, , ,15,2,5
8/23/2019,68, , ,14,2,6
8/24/2019,64, , ,13,2,5
8/25/2019,59, , ,12,2,10
8/26/2019,60, , , , , 
9/5/2019,89, , ,11,1,8
9/6/2019,58, , ,11,1,11
9/7/2019,53, , , , , 
9/9/2019,49, , ,14, ,9
9/10/2019,80, , , , , 
9/16/2019,111, , ,13,1,11
9/17/2019,60, , ,13,1,10
9/18/2019,65, , ,12, ,10
9/19/2019,69, , ,13, ,9
9/20/2019,60, , ,13, ,12
9/21/2019,83, , ,13, ,11
9/22/2019,59, , ,14, ,12
9/23/2019,73, , ,13, ,13
9/24/2019,67, , ,12, ,9
9/25/2019,53, , ,13,1,11
9/26/2019,59, , ,14,2,11
9/27/2019,70, , ,13,2,11
9/28/2019,69, , ,14,2,11
9/29/2019,75, , ,14,2,12
9/30/2019,69, , ,15,1,9
4/1/2019,154, , ,10,1,7
4/2/2019,152, , ,9,1,6
4/3/2019,158, , ,9,1,7
4/4/2019,221, , ,8,1,7
4/5/2019,131, , ,8,1,7
4/6/2019,136, , ,8,1,7
4/7/2019,159, , ,8,1,7
4/8/2019,179, , ,7,1,5
4/9/2019,141, , ,8,1,7
4/10/2019,145, , ,8,1,7
4/11/2019,146, , ,8,1,6
4/12/2019,144, , ,8,1,6
4/13/2019,143, , ,7,1,6
4/14/2019,133, , ,8,1,6
4/15/2019,143, , ,8,1,6
4/16/2019,129, , ,8,1,6
4/17/2019,220, , ,7,1,6
4/18/2019,324, , ,8,1,7
4/19/2019,145, , ,7,1,7
4/20/2019,92, , ,7,1,5
4/21/2019,75, , ,8,1,7
4/22/2019,108, , ,8,1,6
4/23/2019,92, , ,9,1,7
4/24/2019,117, , ,9,1,7
4/25/2019,127, , ,9,1,7
4/26/2019,131, , ,9,1,7
4/27/2019,138, , ,9,1,8
4/28/2019,135, , ,8,1,7
4/29/2019,124, , ,8,1,6
4/30/2019,128, , ,6,1,6
5/1/2019,85, , ,7,1,7
5/2/2019,109, , ,7,1,6
5/3/2019,121, , ,7,1,7
5/4/2019,134, , ,7,1,7
5/5/2019,131, , ,7,1,8
5/6/2019,118, , ,7,1,7
5/7/2019,107, , , , , 
5/9/2019,70, , ,9,1,7
5/10/2019,105, , ,7,1,8
5/11/2019,117, , ,6,1,6
5/12/2019,86, , ,7,1,7
5/13/2019,86, , ,6,1,7
5/14/2019,95, , ,6,1,7
5/15/2019,104, , ,6,1,9
5/16/2019,97, , ,7,1,9
5/17/2019,117, , ,7,1,10
5/18/2019,130, , ,7,1,10
5/19/2019,107, , ,8,1,8
5/20/2019,126, , ,8,1,6
5/21/2019,114, , ,8,1,6
5/22/2019,103, , ,8,1,7
5/23/2019,95, , ,8,1,7
5/24/2019,90, , ,7,1,7
5/25/2019,79, , ,8,1,6
5/26/2019,74, , ,9,1,7
5/27/2019,83, , ,8, ,8
5/28/2019,100, , ,9, ,6
5/29/2019,77, , ,8, ,7
5/30/2019,93, , ,8, ,6
5/31/2019,100, , ,8, ,10
6/1/2019,98, , ,7, ,18
6/2/2019,176, , ,8, ,7
6/11/2019,74, , ,16,5,6
6/12/2019,77, , ,14,10,9
6/13/2019,80, , ,13,16,7
6/14/2019,86, , ,13,15,7
6/15/2019,99, , ,13,14,6
6/16/2019,85, , ,15,14,8
6/17/2019,103, , ,16,9,8
6/18/2019,116, , ,12, ,8
6/19/2019,108, , ,11, ,7
6/20/2019,95, , ,12, ,10
6/21/2019,102, , ,12,1,9
6/22/2019,77, , ,12, ,8
6/23/2019,76, , ,11,1,9
6/24/2019,89, , ,13,2,8
6/25/2019,113, , ,12,2,8
6/26/2019,100, , ,12,2,8
6/27/2019,100, , ,12,2,10
6/28/2019,110, , ,12,1,6
6/29/2019,109, , ,12,1,8
6/30/2019,86, , ,12,1,8
1/1/2019,150, , ,23,14,6
1/2/2019,128, , ,43,19,7
1/3/2019,130, , ,33,7,10
1/4/2019,131, , ,14,7,8
1/5/2019,93, , ,16,7,9
1/6/2019,115, , ,25,9,8
1/7/2019,131, , ,27,11,7
1/8/2019,130, , ,30,5,7
1/9/2019,130, , ,31,2,8
1/10/2019,149, , ,34,1,8
1/11/2019,151, , ,33, ,7
1/12/2019,155, , ,33,1,7
1/13/2019,136, , ,34,1,7
1/14/2019,147, , ,32,1,5
1/15/2019,129, , ,35,1,7
1/16/2019,151, , ,28,2,6
1/17/2019,149, , ,10,6,8
1/18/2019,135, , ,12,7,6
1/19/2019,121, , ,10,4,6
1/20/2019,89, , ,12,4,8
1/21/2019,104, , ,12,2,10
1/22/2019,129, , ,11,2,9
1/23/2019,110, , ,10,1,7
1/24/2019,101, , ,9,2,8
1/25/2019,83, , ,8,2,8
1/26/2019,93, , ,7,2,7
1/27/2019,83, , ,7,2,7
1/28/2019,81, , ,8,2,7
1/29/2019,74, , ,8,1,7
1/30/2019,92, , ,9,2,14
1/31/2019,84, , ,10,1,8
2/1/2019,112, , ,10,2,8
2/2/2019,103, , ,9,1,7
2/3/2019,83, , ,9,1,6
2/4/2019,91, , ,8,2,8
2/5/2019,95, , ,9,2,7
2/6/2019,111, , ,10,2,8
2/7/2019,116, , ,9,1,7
2/8/2019,110, , ,10,1,8
2/9/2019,129, , ,8,1,7
2/10/2019,102, , ,8,1,6
2/11/2019,88, , ,9,1,6
2/12/2019,100, , ,10,1,6
2/13/2019,108, , ,10,1,7
2/14/2019,101, , ,9,1,7
2/15/2019,112, , ,9,1,6
2/16/2019,115, , ,9,1,10
2/17/2019,104, , ,10,1,7
2/18/2019,115, , ,9,2,7
2/19/2019,130, , ,8,1,6
2/20/2019,113, , ,8,1,5
2/21/2019,107, , ,11,1,6
2/22/2019,116, , ,10,1,6
2/23/2019,136, , ,11,1,6
2/24/2019,134, , ,12,1,5
2/25/2019,123, , ,12,1,5
2/26/2019,142, , ,10,1,4
2/27/2019,143, , ,11,1,4
2/28/2019,144, , ,12,1,3
3/1/2019,157, , ,8,1,3
3/2/2019,133, , ,9,1,4
3/3/2019,107, , ,8,1,3
3/4/2019,133, , ,9,1,3
3/5/2019,141, , ,9,1,6
3/6/2019,149, , ,13,1,8
3/7/2019,170, , ,13,1,8
3/8/2019,162, , ,11,1,8
3/9/2019,153, , ,8,1,7
3/10/2019,120, , ,9,1,6
3/11/2019,124, , ,9,1,7
3/12/2019,150, , ,11,1,7
3/13/2019,150, , ,11,1,6
3/14/2019,141, , ,11,1,6
3/15/2019,140, , ,11,1,6
3/16/2019,143, , ,12,1,7
3/17/2019,146, , ,11,1,7
3/18/2019,136, , ,10,1,7
3/19/2019,130, , ,9,1,7
3/20/2019,127, , ,9,1,7
3/21/2019,145, , ,10,1,7
3/22/2019,137, , ,10,1,7
3/23/2019,144, , ,9,1,7
3/24/2019,145, , ,9,1,7
3/25/2019,147, , ,9,1,7
3/26/2019,152, , ,10,1,7
3/27/2019,173, , ,11,1,7
3/28/2019,170, , ,10,1,7
3/29/2019,154, , ,12,1,8
3/30/2019,161, , ,10,1,8
3/31/2019,147, , ,10,1,6
10/1/2018,95, , ,6,3,2
10/2/2018,73, , ,7,4,3
10/3/2018,77, , ,7,3,3
10/4/2018,83, , ,6,4,2
10/5/2018,69, , ,7,5,3
10/6/2018,75, , ,7,3,3
10/7/2018,77, , ,8,4,2
10/8/2018,112, , ,8,4,2
10/9/2018,107, , ,9,4,2
10/10/2018,130, , ,11,4,3
10/11/2018,135, , ,11,4,2
10/12/2018,150, , ,12,4,2
10/13/2018,148, , ,7,3,3
10/14/2018,137, , ,8,3,2
10/15/2018,117, , ,7,3,3
10/16/2018,122, , ,6,3,3
10/17/2018,99, , ,7,4,2
10/18/2018,309, , ,6,4,2
10/19/2018,77, , ,6,4,2
10/20/2018,90, , ,7,4,3
10/21/2018,117, , ,10,4,2
10/22/2018,116, , ,11,3,3
10/23/2018,132, , ,14,3,2
10/24/2018,124, , ,15,6,5
10/25/2018,116, , ,24,9,6
10/26/2018,128, , ,21,7,5
10/27/2018,91, , ,28,1,2
10/28/2018,98, , ,31,1,4
10/29/2018,92, , ,26,2,5
10/30/2018,103, , ,16,2,6
10/31/2018,100, , ,13,2,4
11/1/2018,61, , ,10,3,5
11/2/2018,50, , ,9,4,5
11/3/2018,67, , ,10,2,5
11/4/2018,61, , ,12,2,5
11/5/2018,69, , ,15,3,5
11/6/2018,83, , ,16,3,4
11/7/2018,86, , ,17,9,5
11/8/2018,103, , ,17,3,5
11/9/2018,79, , ,20,3,5
11/10/2018,102, , ,20,3,5
11/11/2018,107, , ,23,3,6
11/12/2018,108, , ,23,3,6
11/13/2018,124, , ,25,3,7
11/14/2018,121, , ,23,3,6
11/15/2018,109, , ,15,3,5
11/16/2018,66, , ,15,3,7
11/17/2018,107, , ,12,3,5
11/18/2018,103, , ,13,3,5
11/19/2018,59, , ,17,3,5
11/20/2018,69, , ,17,3,6
11/21/2018,93, , ,14,4,5
11/22/2018,55, , ,15,4,7
11/23/2018,75, , ,16,3,7
11/24/2018,374, , ,18,3,6
11/25/2018,129, , ,29,4,6
11/26/2018,141, , ,109,2,5
11/27/2018,115, , ,16,3,5
11/28/2018,99, , ,16,4,6
11/29/2018,94, , ,15,4,6
11/30/2018,101, , ,17,5,6
12/1/2018,98, , ,16,3,5
12/2/2018,72, , ,15,6,6
12/3/2018,76, , ,15,4,6
12/4/2018,78, , ,14,6,6
12/5/2018,286, , ,18,7,9
12/6/2018,101, , ,15,4,6
12/7/2018,92, , ,65,5,7
12/8/2018,130, , , ,7,6
12/9/2018,127, , ,113,4,8
12/10/2018,143, , ,14,7,8
12/11/2018,157, , , , , 
12/15/2018,106, , ,14,4,6
12/16/2018,132, , ,16,7,7
12/17/2018,152, , ,18,4,7
12/18/2018,133, , ,16,5,8
12/19/2018,117, , ,15,5,7
12/20/2018,103, , ,15,6,7
12/21/2018,109, , ,15,5,6
12/22/2018,110, , ,12,3,6
12/23/2018,89, , ,12,3,6
12/24/2018,99, , ,12,3,6
12/25/2018,120, , ,13,3,6
12/26/2018,112, , ,11,4,6
12/27/2018,123, , ,13,4,7
12/28/2018,135, , ,12,5,6
12/29/2018,139, , ,12,4,5
12/30/2018,130, , , , , 
7/1/2018,50, , ,4,3,4
7/2/2018,45, , ,5,3,5
7/3/2018,59, , ,4,2,5
7/4/2018,70, , ,4,3,5
7/5/2018,83, , ,3,3,7
7/6/2018,112, , ,2,4,7
7/7/2018,68, , ,2,3,7
7/8/2018,71, , ,2,3,7
7/9/2018,72, , ,2,3,7
7/10/2018,456, , ,2,3,7
7/11/2018,109, , ,1,3,6
7/12/2018,76, , ,2,3,7
7/13/2018,70, , ,1,3,5
7/14/2018,71, , ,1,3,6
7/15/2018,72, , ,1,3,6
7/16/2018,72, , ,2,3,6
7/17/2018,67, , ,1,3,6
7/18/2018,66, , ,4,3,7
7/19/2018,100, , ,6,3,6
7/20/2018,67, , ,6,3,6
7/21/2018,81, , ,5,3,6
7/22/2018,85, , ,6,3,6
7/23/2018,85, , ,7,3,5
7/24/2018,77, , ,7,3,5
7/25/2018,69, , ,7,3,5
7/26/2018,76, , ,8,3,5
7/27/2018,92, , ,9,3,5
7/28/2018,98, , ,7,4,5
7/29/2018,72, , ,9,3,5
7/30/2018,86, , ,8,3,5
7/31/2018,88, , , , , 
8/3/2018,85, , ,8,2,5
8/4/2018,90, , ,8,2,4
8/5/2018,70, , ,8,2,5
8/6/2018,95, , ,8,2,5
8/7/2018,58, , ,9,2,5
8/8/2018,84, , ,7,2,5
8/9/2018,77, , ,4,2,5
8/10/2018,70, , ,4,2,5
8/11/2018,57, , ,4,2,5
8/12/2018,40, , ,4,2,5
8/13/2018,44, , ,4,2,6
8/14/2018,50, , ,4,2,5
8/15/2018,56, , ,3,2,5
8/16/2018,42, , ,2,2,6
8/17/2018,64, , ,23,2,6
8/18/2018,88, , ,10,2,5
8/19/2018,77, , ,8,2,5
8/20/2018,81, , ,5,2,5
8/21/2018,83, , ,4,2,6
8/22/2018,88, , ,4,2,6
8/23/2018,75, , ,6,2,6
8/24/2018,64, , ,7,2,6
8/25/2018,82, , ,6,2,5
8/26/2018,62, , ,6,2,6
8/27/2018,78, , ,6,2,6
8/28/2018,76, , ,6,2,6
8/29/2018,91, , ,4,3,6
8/30/2018,105, , ,3,3,6
8/31/2018,90, , ,5,3,6
9/1/2018,92, , ,6,3,5
9/2/2018,87, , ,6,3,6
9/3/2018,105, , ,7,4,6
9/4/2018,98, , ,6,3,6
9/5/2018,92, , ,6,4,6
9/6/2018,91, , ,6,3,6
9/7/2018,82, , ,6,3,7
9/8/2018,88, , ,6,4,6
9/9/2018,86, , ,6,3,7
9/10/2018,98, , ,7,4,9
9/11/2018,105, , ,7,3,8
9/12/2018,84, , ,7,4,7
9/13/2018,93, , ,7,3,8
9/14/2018,99, , , , , 
9/18/2018,118, , ,6,4,4
9/19/2018,77, , ,7,3,4
9/20/2018,86, , ,6,3,3
9/21/2018,95, , ,7,3,3
9/22/2018,96, , ,7,4,4
9/23/2018,113, , ,6,4,4
9/24/2018,88, , ,11,3,3
9/25/2018,92, , ,7,4,3
9/26/2018,100, , ,7,4,3
9/27/2018,106, , ,8,4,3
9/28/2018,109, , ,7,3,3
9/29/2018,91, , ,7,3,3
9/30/2018,92, , ,7,4,3
4/1/2018,134, , ,4,1,7
4/2/2018,131, , ,9,2,8
4/3/2018,145, , ,7,3,7
4/4/2018,147, , ,7,3,7
4/5/2018,145, , ,8,3,7
4/6/2018,149, , ,9,3,7
4/7/2018,147, , ,5,3,6
4/8/2018,131, , ,4,3,7
4/9/2018,107, , ,4,3,7
4/10/2018,112, , ,5,4,7
4/11/2018,112, , ,5,4,7
4/12/2018,91, , ,3,4,7
4/13/2018,99, , ,3,3,4
4/14/2018,113, , ,5,4,3
4/15/2018,95, , ,2,3,5
4/16/2018,116, , ,7,4,6
4/17/2018,131, , ,11,4,7
4/18/2018,143, , ,8,3,7
4/19/2018,122, , ,7,2,6
4/20/2018,91, , ,12,2,8
4/21/2018,112, , ,5,2,5
4/22/2018,90, , ,6,2,5
4/23/2018,99, , ,7,3,7
4/24/2018,124, , ,8,3,7
4/25/2018,123, , ,6,2,6
4/26/2018,117, , ,9,3,6
4/27/2018,130, , ,8,3,6
4/28/2018,130, , ,11,3,5
4/29/2018,126, , ,6,2,5
4/30/2018,105, , ,5,2,5
5/1/2018,105, , ,7,3,6
5/2/2018,93, , ,5,3,5
5/3/2018,112, , ,9,3,7
5/4/2018,123, , ,8,3,6
5/5/2018,142, , ,5,2,6
5/6/2018,121, , ,6,3,6
5/7/2018,111, , ,5,3,5
5/8/2018,127, , ,5,3,5
5/9/2018,92, , ,5,3,6
5/10/2018,74, , ,5,3,6
5/11/2018,104, , ,4,3,6
5/12/2018,26, , ,3,3,5
5/13/2018,60, , ,5,3,6
5/14/2018,152, , ,6,3,5
5/15/2018,84, , ,5,3,7
5/16/2018,101, , ,6,3,7
5/17/2018,122, , ,6,2,7
5/18/2018,103, , ,7,3,10
5/19/2018,131, , ,3,3,6
5/20/2018,94, , ,4,3,6
5/21/2018,87, , ,4,3,7
5/22/2018,91, , ,5,3,8
5/23/2018,107, , ,4,3,7
5/24/2018,91, , ,4,3,7
5/25/2018,145, , ,4,3,8
5/26/2018,47, , ,4,2,8
5/27/2018,89, , ,3,2,7
5/28/2018,89, , ,8,3,11
5/29/2018,60, , ,6,3,6
5/30/2018,71, , ,4,3,6
5/31/2018,74, , ,4,3,6
6/1/2018,89, , ,4,3,8
6/2/2018,91, , ,3,3,5
6/3/2018,79, , ,3,3,6
6/4/2018,43, , ,4,3,7
6/5/2018,67, , ,4,3,12
6/6/2018,65, , ,2,3,9
6/7/2018,68, , ,4,3,4
6/8/2018,41, , ,5,3,4
6/9/2018,53, , ,6,3,5
6/10/2018,42, , ,7,3,4
6/11/2018,65, , ,6,3,5
6/12/2018,77, , ,8,3,5
6/13/2018,79, , ,5,3,7
6/14/2018,85, , ,10,2,5
6/15/2018,168, , ,3,3,5
6/16/2018,49, , ,3,3,5
6/17/2018,62, , ,3,3,5
6/18/2018,46, , ,2,3,4
6/19/2018,75, , ,1,3,4
6/20/2018,46, , ,2,3,4
6/21/2018,54, , ,2,3,5
6/22/2018,66, , ,3,3,5
6/23/2018,81, , ,3,3,4
6/24/2018,66, , ,3,3,5
6/25/2018,90, , ,3,3,4
6/26/2018,89, , ,3,2,5
6/27/2018,85, , ,4,3,5
6/28/2018,43, , ,3,3,4
6/29/2018,35, , ,5,3,5
6/30/2018,48, , ,4,2,5
1/9/2018,160, , ,2,2,9
1/10/2018,122, , ,8,1,9
1/11/2018,112, , ,3,1,9
1/12/2018,121, , ,4,1,9
1/13/2018,126, , ,7,1,9
1/14/2018,128, , ,7,1,9
1/15/2018,141, , ,6,1,9
1/16/2018,140, , ,4,2,8
1/17/2018,148, , ,3,1,9
1/18/2018,139, , ,7,1,9
1/19/2018,179, , ,11,1,10
1/20/2018,114, , ,9,1,9
1/21/2018,103, , ,10,1,9
1/22/2018,114, , ,10,2,10
1/23/2018,144, , ,10,1,10
1/24/2018,144, , ,6,1,10
1/25/2018,133, , ,7,1,9
1/26/2018,137, , ,8,1,11
1/27/2018,151, , ,7,1,9
1/28/2018,141, , ,6,2,9
1/29/2018,131, , ,7,1,9
1/30/2018,152, , ,11,1,9
1/31/2018,147, , ,10,2,10
2/1/2018,136, , ,8,1,9
2/2/2018,118, , ,7, ,9
2/3/2018,107, , ,3,1,7
2/4/2018,94, , ,8,2,8
2/5/2018,112, , ,8,1,8
2/6/2018,123, , ,11,2,7
2/7/2018,112, , ,16,5,9
2/8/2018,123, , ,17,6,8
2/9/2018,124, , ,17,21,9
2/10/2018,127, , ,12,29,7
2/11/2018,91, , , , , 
2/13/2018,111, , ,3,4,8
2/14/2018,120, , ,6,4,9
2/15/2018,122, , ,6,2,8
2/16/2018,122, , ,7,2,9
2/17/2018,127, , ,3,3,8
2/18/2018,111, , ,4,3,8
2/19/2018,116, , ,5,2,8
2/20/2018,107, , ,5,2,8
2/21/2018,134, , ,7,2,8
2/22/2018,137, , ,8,3,8
2/23/2018,141, , ,4,3,8
2/24/2018,114, , ,5,3,8
2/25/2018,91, , ,8,2,8
2/26/2018,98, , ,6,2,7
2/27/2018,98, , ,11,3,8
2/28/2018,127, , ,5,2,7
3/1/2018,114, , ,6,1,7
3/2/2018,122, , ,8,1,8
3/3/2018,120, , ,4,1,7
3/4/2018,87, , ,5,1,7
3/5/2018,117, , ,5,1,7
3/6/2018,108, , ,6,2,8
3/7/2018,122, , ,5,4,8
3/8/2018,137, , ,11,3,9
3/9/2018,154, , ,6,4,8
3/10/2018,154, , , , , 
3/12/2018,129, , ,4,4,7
3/13/2018,94, , ,5,4,6
3/14/2018,108, , ,5,4,7
3/15/2018,107, , ,3,4,7
3/16/2018,80, , ,3,3,7
3/17/2018,162, , ,2, ,7
3/18/2018,97, , ,3,2,7
3/19/2018,118, , ,6,2,7
3/20/2018,149, , ,7,2,6
3/21/2018,141, , ,4,2,6
3/22/2018,120, , ,6,3,7
3/23/2018,128, , ,6,3,7
3/24/2018,157, , ,5,3,7
3/25/2018,159, , ,10,3,8
3/26/2018,156, , ,12,3,8
3/27/2018,140, , ,11,3,8
3/28/2018,141, , ,7,3,7
3/29/2018,150, , ,8,2,7
3/30/2018,144, , ,7,2,7
3/31/2018,151, , ,5,1,6
10/1/2017,71, , ,8,2,6
10/2/2017,77, , ,9,1,6
10/3/2017,84, , ,8,2,7
10/4/2017,85, , ,8,1,7
10/5/2017,88, , ,8,2,7
10/6/2017,85, , ,9,1,7
10/7/2017,104, , ,9,1,6
10/8/2017,54, , ,9,1,20
10/9/2017,76, , ,10,1,57
10/10/2017,94, , ,10,1,8
10/11/2017,81, , ,10,1,7
10/12/2017,92, , ,10,2,8
10/13/2017,83, , ,10,2,7
10/14/2017,114, , ,9,1,6
10/15/2017,133, , ,10,1,6
10/16/2017,84, , ,11,1,8
10/17/2017,112, , ,11,1,9
10/18/2017,137, , ,10,1,7
10/19/2017,124, , ,12,3,6
10/20/2017,138, , ,12,2,7
10/21/2017,134, , ,10,1,7
10/22/2017,104, , ,10,2,8
10/23/2017,112, , ,11,2,11
10/24/2017,154, , ,11,2,8
10/25/2017,141, , ,10,1,8
10/26/2017,120, , ,10,2,7
10/27/2017,105, , ,10,2,8
10/28/2017,132, , ,10,1,7
10/29/2017,161, , ,10,1,7
10/30/2017,156, , ,10,1,8
10/31/2017,181, , ,10,2,7
11/1/2017,146,66, ,10,2,8
11/2/2017,186, , ,10,2,8
11/3/2017,183, , ,10,1,8
11/4/2017,148, , ,10,1,7
11/5/2017,110, , ,10,1,8
11/6/2017,50, , ,10,2,8
11/7/2017,91, , ,10,2,8
11/8/2017,108, , ,10,2,8
11/9/2017,111, , ,9,2,8
11/10/2017,127, , ,9,2,8
11/11/2017,129, , ,9,1,5
11/12/2017,117, , ,9,1,6
11/13/2017,121, , ,9,2,6
11/14/2017,120, , ,9,1,7
11/15/2017,117, , ,9,2,7
11/16/2017,134, , ,9,2,8
11/17/2017,135, , ,9,2,6
11/18/2017,133, , ,9,1,4
11/19/2017,131, , ,9,1,4
11/20/2017,130, , ,9,2,3
11/21/2017,114, , ,9,1,5
11/22/2017,147, , ,9,2,7
11/23/2017,133, , ,9,2,7
11/24/2017,110, , , , , 
12/6/2017,174, , ,9,2,23
12/7/2017,141, , ,9,2,10
12/8/2017,181, , ,8,2,11
12/9/2017,172, , ,10,2,10
12/10/2017,165, , ,8,2,10
12/11/2017,150, , ,8,2,11
12/12/2017,1, , ,8,2,10
7/1/2017,85, , ,124,5,2
7/2/2017,91, , ,128,3,3
7/3/2017,83, , , , , 
7/8/2017,391, , ,12, , 
7/9/2017,104, , ,13,4,3
7/10/2017,102, , ,12,1,4
7/11/2017,94, , ,12,2,4
7/12/2017,88, , ,12,1,4
7/13/2017,96, , ,11,2,4
7/14/2017,104, , ,12,5,3
7/15/2017,102, , ,11,1,4
7/16/2017,85, , ,12,1,4
7/17/2017,102, , ,12,1,4
7/18/2017,93, , ,12,2,4
7/19/2017,84, , ,12,1,4
7/20/2017,87, , ,11,1,4
7/21/2017,108, , ,13,1,3
7/22/2017,89, , ,13,1,2
7/23/2017,84, , ,14,1,2
7/24/2017,110, , ,12,2,5
7/25/2017,120, , ,11,2,2
7/26/2017,115, , ,12,2,3
7/27/2017,119, , ,12,1,2
7/28/2017,102, , ,12,2,2
7/29/2017,100, , ,11,1,2
7/30/2017,86, , ,11,3,2
7/31/2017,95, , ,10,3,2
8/1/2017,105, , ,11,2,2
8/2/2017,101, , ,10,1,2
8/3/2017,96, , ,9,3,2
8/4/2017,76, , ,10,2,1
8/5/2017,88, , ,10,2,1
8/6/2017,77, , ,10,2,1
8/7/2017,100, , ,10,2,2
8/8/2017,101, , ,10,2,3
8/9/2017,108, , ,10,2,2
8/10/2017,80, , ,10,1,2
8/11/2017,86, , , , , 
8/14/2017,220, , ,9,2,2
8/15/2017,81, , ,10,2,2
8/16/2017,66, , ,10,2,2
8/17/2017,81, , ,10,2,2
8/18/2017,85, , ,10,2,2
8/19/2017,89, , ,9,2,1
8/20/2017,82, , ,10,3,3
8/21/2017,84, , ,10,2,6
8/22/2017,97, , ,9,2,6
8/23/2017,95, , ,10,2,6
8/24/2017,124, , ,9,2,6
8/25/2017,229, , ,10,2,6
8/26/2017,74, , ,9,1,5
8/27/2017,63, , ,9,2,6
8/28/2017,88, , ,10,2,6
8/29/2017,79, , ,10,2,6
8/30/2017,96, , ,10,1,6
8/31/2017,111, , ,10,2,7
9/1/2017,305, , ,11,2,8
9/2/2017,210, , ,9,1,8
9/3/2017,34, , ,10,2,7
9/4/2017,109, , ,10,2,9
9/5/2017,53, , ,9,1,6
9/6/2017,61, , , , , 
9/12/2017,59, , ,10,2,7
9/13/2017,57, , ,10,2,6
9/14/2017,55, , ,10,2,7
9/15/2017,52, , ,9,2,6
9/16/2017,54, , ,9,2,6
9/17/2017,47, , ,9,2,6
9/18/2017,50, , ,9,2,6
9/19/2017,52, , ,9,2,6
9/20/2017,54, , ,9,2,6
9/21/2017,59, , ,9,3,6
9/22/2017,81, , ,9,2,6
9/23/2017,81, , ,9,2,7
9/24/2017,86, , ,9,2,6
9/25/2017,74, , ,9,2,6
9/26/2017,74, , ,10,2,7
9/27/2017,91, , ,9,2,7
9/28/2017,89, , ,9,2,6
9/29/2017,82, , ,9,2,6
9/30/2017,99, , ,9,2,6
4/1/2017,155, , ,11,1,2
4/2/2017,150, , ,47,2,3
4/3/2017,154, , ,17,2,2
4/4/2017,122, , ,14,1,3
4/5/2017,124, , ,9,2,2
4/6/2017,115, , ,8,2,2
4/7/2017,109, , ,11,2,2
4/8/2017,126, , ,5,1,3
4/9/2017,105, , ,10,2,2
4/10/2017,139, , ,3,1,2
4/11/2017,120, , , , , 
4/13/2017,142, , ,18,1,2
4/14/2017,150, , ,13,2,2
4/15/2017,157, , , , , 
4/17/2017,135, , ,12,2,2
4/18/2017,125, , ,12,1,2
4/19/2017,131, , ,4,2,2
4/20/2017,116, , ,9,2,3
4/21/2017,103, , ,12,1,2
4/22/2017,91, , ,6,2,2
4/23/2017,95, , ,13,1,2
4/24/2017,119, , ,10,1,3
4/25/2017,116, , ,22,2,4
4/26/2017,143, , ,15,2,4
4/27/2017,140, , ,15,1,4
4/28/2017,181, , ,14,1,4
4/29/2017,175, , , , , 
5/1/2017,103, , ,14,1,5
5/2/2017,115, , ,19,1,5
5/3/2017,154, , ,18,1,5
5/4/2017,143, , ,12,1,5
5/5/2017,148, , ,23,1,5
5/6/2017,163, , ,6,1,5
5/7/2017,117, , ,14,2,5
5/8/2017,115, , ,15,2,5
5/9/2017,158, , ,13,1,5
5/10/2017,121, , ,20,44,7
5/11/2017,147, , ,4,19,5
5/12/2017,148, , ,7,12,5
5/13/2017,141, , ,13,1,4
5/14/2017,147, , ,12,1,3
5/15/2017,105, , ,10,2,4
5/16/2017,96, , ,10,3,4
5/17/2017,127, , ,10,2,4
5/18/2017,132, , ,11,2,5
5/19/2017,116, , ,10,2,4
5/20/2017,129, , ,10,2,3
5/21/2017,104, , ,11,2,4
5/22/2017,100, , ,11,1,4
5/23/2017,119, , ,10,4,4
5/24/2017,113, , ,10,4,4
5/25/2017,102, , ,10,2,3
5/26/2017,107, , ,10,3,4
5/27/2017,86, , ,10,2,3
5/28/2017,86, , ,11,2,3
5/29/2017,93, , ,10,2,3
5/30/2017,107, , ,10,2,3
5/31/2017,96, , ,10,2,3
6/1/2017,88, , ,10,2,3
6/2/2017,91, , ,10,1,3
6/3/2017,96, , ,10,1,4
6/4/2017,92, , ,10,5,4
6/5/2017,103, , ,10,1,4
6/6/2017,101, , ,10,2,4
6/7/2017,94, , ,10,3,4
6/8/2017,84, , ,11,3,4
6/9/2017,100, , ,10,3,4
6/10/2017,86, , ,10,3,4
6/11/2017,74, , ,10,3,4
6/12/2017,78, , ,10,3,4
6/13/2017,92, , ,10,3,3
6/14/2017,87, , ,10,3,3
6/15/2017,106, , ,11,5,5
6/16/2017,109, , ,11,3,3
6/17/2017,108, , ,10,3,3
6/18/2017,95, , ,10,3,3
6/19/2017,92, , ,10,5,3
6/20/2017,97, , ,10,6,3
6/21/2017,90, , ,11,5,3
6/22/2017,100, , ,10,5,3
6/23/2017,100, , ,16,4,3
6/24/2017,99, , ,11,2,2
6/25/2017,84, , ,12,9,3
6/26/2017,97, , ,12,5,2
6/27/2017,112, , ,12,6,3
6/28/2017,111, , ,12,5,3
6/29/2017,110, , ,12,5,3
6/30/2017,109, , ,11,5,3
1/2/2017,111, , ,5,3,2
1/3/2017,73, , ,12,3,4
1/4/2017,131, , ,8,2,4
1/5/2017,127, , ,13,2,4
1/6/2017,139, , ,16,4,5
1/7/2017,146, , ,8,2,4
1/8/2017,125, , ,14,5,5
1/9/2017,129, , ,14,4,4
1/10/2017,133, , ,21,3,5
1/11/2017,142, , ,15,2,3
1/12/2017,150, , ,14,2,4
1/13/2017,153, , ,7,2,4
1/14/2017,121, , ,5,2,3
1/15/2017,107, , ,11,3,4
1/16/2017,120, , ,7,2,3
1/17/2017,114, , ,14,3,4
1/18/2017,117, , ,9,2,3
1/19/2017,98, , ,12,2,4
1/20/2017,120, , ,8,1,4
1/21/2017,112, , , , , 
1/23/2017,141, , ,13,3,4
1/24/2017,139, , ,11,2,4
1/25/2017,127, , ,6,1,4
1/26/2017,111, , ,11,2,4
1/27/2017,107, , , , , 
1/30/2017,148, , ,9,2,4
1/31/2017,111, , ,28,3,4
2/1/2017,151, , ,22,2,4
2/2/2017,149, , ,17,2,4
2/3/2017,128, , ,14,2,3
2/4/2017,126, , ,14,2,4
2/5/2017,114, , ,18,3,4
2/6/2017,126, , ,21,3,5
2/7/2017,141, , ,18,4,4
2/8/2017,134, , ,12,5,4
2/9/2017,132, , ,11,5,4
2/10/2017,135, , ,12,2,4
2/11/2017,120, , ,5,1,3
2/12/2017,93, , ,6,1,3
2/13/2017,96, , ,7,1,4
2/14/2017,109, , ,10,3,4
2/15/2017,120, , ,10,2,3
2/16/2017,110, , ,9,2,4
2/17/2017,134, , ,10,3,3
2/18/2017,134, , ,9,2,4
2/19/2017,122, , ,16,7,5
2/20/2017,141, , ,19,3,5
2/21/2017,146, , ,18,7,5
2/22/2017,131, , ,13,3,4
2/23/2017,145, , ,12,3,4
2/24/2017,134, , ,10,4,4
2/25/2017,124, , ,4,3,4
2/26/2017,114, , ,9,2,4
2/27/2017,129, , ,12,2,4
2/28/2017,107, , ,61,3,4
3/1/2017,133, , ,28,3,4
3/2/2017,127, , ,17,2,4
3/3/2017,117, , ,17,3,4
3/4/2017,124, , ,10,3,4
3/5/2017,99, , ,10,2,4
3/6/2017,112, , ,16,2,4
3/7/2017,111, , ,17,5,2
3/8/2017,104, , ,17,7,2
3/9/2017,133, , ,10,4,2
3/10/2017,119, , ,12,4,2
3/11/2017,113, , ,16,3,2
3/12/2017,102, , ,12,6,2
3/13/2017,148, , ,10,1,2
3/14/2017,103, , ,11,2,2
3/15/2017,88, , ,11,3,2
3/16/2017,113, , ,21,8,2
3/17/2017,149, , ,14,5,2
3/18/2017,126, , ,11,5,2
3/19/2017,127, , ,13,3,2
3/20/2017,138, , ,14,3,2
3/21/2017,132, , ,15,5,2
3/22/2017,142, , ,18,4,2
3/23/2017,152, , ,18,3,2
3/24/2017,195, , ,17,3,2
3/25/2017,147, , ,12,2,2
3/26/2017,143, , ,18,4,2
3/27/2017,139, , ,28,8,2
3/28/2017,181, , ,12,2,2
3/29/2017,144, , ,20,1,2
3/30/2017,153, , ,33,1,2
3/31/2017,165, , ,20,1,2
10/1/2016,156, , , , , 
10/4/2016,159, , ,10,4,7
10/5/2016,159, , ,9,6,4
10/6/2016,141, , ,8,3,4
10/7/2016,117, , ,8,1,4
10/8/2016,100, , ,8,1,4
10/9/2016,68, , ,8,1,4
10/10/2016,68, , ,8,1,4
10/11/2016,68, , ,8,1,21
10/12/2016,80, , ,8,3,11
10/13/2016,75, , ,8,4,10
10/14/2016,43, , ,9,3,9
10/15/2016,49, , , , , 
10/17/2016,171, , ,9,5,10
10/18/2016,159, , , , , 
10/20/2016,166, , ,9,5,10
10/21/2016,173, , ,10,8,11
10/22/2016,202, , ,9,6,17
10/23/2016,164, , ,9,10,16
10/24/2016,164, , ,14,10,13
10/25/2016,184, , ,22,3,15
10/26/2016,176, , ,21,2,12
10/27/2016,166, , ,17,4,9
10/28/2016,165, , ,19,1,8
10/29/2016,179, , ,16,1,11
10/30/2016,153, , ,11,2,10
10/31/2016,129, , ,9,3,9
11/1/2016,91, , ,11,3,10
11/2/2016,122, , ,16,3,10
11/3/2016,138, , ,17,4,8
11/4/2016,159, , ,12,2,17
11/5/2016,156, , ,9,1,11
11/6/2016,135, , ,12,2,11
11/7/2016,127, , ,13,2,12
11/8/2016,156, , ,11,2,12
11/9/2016,142, , ,13,3,11
11/10/2016,131, , ,18,4,14
11/11/2016,156, , ,16,3,12
11/12/2016,150, , ,13,2,14
11/13/2016,125, , ,11,2,10
11/14/2016,157, , ,5,2,14
11/15/2016,102, , ,5,1,9
11/16/2016,106, , ,8,1,13
11/17/2016,140, , ,9,2,10
11/18/2016,134, , ,6,1,8
11/19/2016,144, , , , , 
11/21/2016,134, , ,15,6,16
11/22/2016,135, , ,20,7,8
11/23/2016,134, , ,17,4,21
11/24/2016,156, , ,14,3,26
11/25/2016,130, , ,10,2,20
11/26/2016,130, , ,8,2,12
11/27/2016,118, , ,20,7,9
11/28/2016,136, , ,17,6,7
11/29/2016,139, , ,12,5,7
11/30/2016,126, , ,11,4,14
12/1/2016,134, , ,9,1,19
12/2/2016,118, , ,15,3,19
12/3/2016,68, , ,5,1,4
12/4/2016,95, , ,6,2,3
12/5/2016,87, , ,6,2,6
12/6/2016,114, , ,8,1,7
12/7/2016,131, , ,9,2,8
12/8/2016,113, , ,12,5,12
12/9/2016,132, , ,2,3,16
12/10/2016,112, , ,10,9,11
12/11/2016,135, , ,10,5,16
12/12/2016,140, , ,11,5,23
12/13/2016,230, , ,7,1,9
12/14/2016,121, , ,7,1,5
12/15/2016,99, , ,10,3,26
12/16/2016,125, , ,6,1,30
12/17/2016,130, , ,9,5,8
12/18/2016,136, , ,12,3,4
12/19/2016,160, , ,14,2,5
12/20/2016,135, , ,18,4,6
12/21/2016,142, , ,11,3,4
12/22/2016,135, , ,13,8,5
12/23/2016,149, , ,17,5,5
12/24/2016,150, , ,12,3,5
12/25/2016,151, , ,14,4,4
12/26/2016,147, , ,12,4,4
12/27/2016,136, , ,8,2,4
12/28/2016,130, , ,10,2,4
12/29/2016,130, , ,11,3,4
12/30/2016,145, , ,6,2,4
12/31/2016,141, , , , , 
7/1/2016,105, , ,5, ,2
7/2/2016,107, , ,2, ,3
7/3/2016,76, , ,2, ,3
7/4/2016,71, , ,3, ,3
7/5/2016,62, , ,3, ,3
7/6/2016,71, , ,5,1,4
7/7/2016,59, , ,4,4,3
7/10/2016,48, , ,3,3,2
7/18/2016,316, , ,3,1,3
7/19/2016,115, , ,3,3,9
7/20/2016,88, , ,1,1,9
7/21/2016,82, , ,2,1,8
7/22/2016,70, , , , , 
7/24/2016,40, , ,2, ,2
7/25/2016,54, , , , , 
7/27/2016,71, , ,1,1,4
7/28/2016,57, , ,1,1,5
7/29/2016,79, , , ,1,3
7/30/2016,41, , ,17,1,4
7/31/2016,63, , ,38,2,4
8/1/2016,66, , ,2, ,3
8/2/2016,71, , ,8,1,3
8/3/2016,72, , ,4, ,3
8/4/2016,61, , , , , 
8/7/2016,36, , ,5,3,3
8/8/2016,67, , ,1,1,3
8/9/2016,79, , ,2,2,4
8/10/2016,72, , ,2,2,3
8/11/2016,83, , ,2,1,3
8/12/2016,83, , ,2,1,4
8/13/2016,75, , ,2, ,3
8/14/2016,78, , ,2, ,3
8/15/2016,54, , ,2,1,3
8/16/2016,156, , ,2, ,5
8/17/2016,99, , ,2,1,5
8/18/2016,112, , ,1,1,5
8/19/2016,105, , ,1,3,5
8/20/2016,128, , ,2,2,5
8/21/2016,104, , ,1,1,5
8/22/2016,101, , ,2,1,5
8/23/2016,108, , ,1,1,5
8/24/2016,97, , ,1,5,6
8/25/2016,96, , ,1, ,6
8/27/2016,71, , ,1,1,5
8/28/2016,32, , ,1,2,5
8/29/2016,45, , ,2,2,5
8/30/2016,92, , ,1,3,6
8/31/2016,86, , ,1,2,5
9/1/2016,97, , ,1, ,4
9/2/2016,74, , ,1,1,5
9/3/2016,96, , ,1, ,5
9/4/2016,112, , ,1, ,4
9/5/2016,73, , ,1,1,5
9/6/2016,105, , ,1,1,5
9/7/2016,90, , ,1,1,5
9/8/2016,90, , , , , 
9/10/2016,131, , , ,2,4
9/11/2016,86, , , , , 
9/13/2016,80, , ,1,1,4
9/14/2016,60, , ,148,2,7
9/15/2016,6, , ,124,4,4
9/16/2016,89, , ,1,2,4
9/17/2016,94, , , , , 
9/19/2016,74, , ,12,2,4
9/20/2016,96, , ,11,2,4
9/21/2016,63, , ,14,1,5
9/22/2016,336, , ,10,3,4
9/23/2016,160, , ,12,2,4
9/24/2016,149, , , , , 
9/26/2016,158, , , , , 
9/28/2016,182, , ,11,2,5
9/29/2016,161, , ,7,3,4
9/30/2016,163, , ,7,1,4
4/1/2016,146, , ,12,1,9
4/2/2016,152, , ,5,1,8
4/3/2016,146, , ,10,4,8
4/4/2016,150, , ,21,1,11
4/5/2016,151, , ,47,1,10
4/6/2016,125, , ,8, ,9
4/7/2016,125, , ,5, ,7
4/8/2016,103, , ,3, ,8
4/9/2016,103, , ,2, ,8
4/10/2016,98, , ,4, ,9
4/11/2016,86, , ,3, ,9
4/12/2016,118, , ,1,15,9
4/16/2016,137, , ,2, ,7
4/17/2016,102, , ,3, ,10
4/18/2016,89, , ,4,1,9
4/19/2016,94, , ,5,1,8
4/20/2016,99, , ,4,10,8
4/21/2016,101, , ,4,4,8
4/22/2016,104, , ,12,4,11
4/23/2016,99, , ,13,2,9
4/24/2016,88, , ,12,2,10
4/25/2016,97, , ,14,2,11
4/26/2016,86, , ,15,3,10
4/27/2016,85, , ,14,4,8
4/28/2016,97, , ,13,3,11
4/29/2016,101, , ,11,3,10
4/30/2016,98, , ,9,3,8
5/1/2016,81, , ,11,5,9
5/2/2016,95, , ,15,4,10
5/3/2016,96, , ,10,5,8
5/4/2016,102, , ,10,10,9
5/5/2016,109, , ,8,3,10
5/6/2016,83, , ,9,2,10
5/7/2016,80, , ,6,1,10
5/8/2016,74, , ,6,4,9
5/9/2016,61, , ,5,4,10
5/10/2016,86, , ,6,2,10
5/11/2016,100, , ,7,3,10
5/12/2016,109, , ,4,4,11
5/13/2016,103, , , ,2,10
5/14/2016,119, , , ,2,8
5/15/2016,119, , ,11,4,8
5/16/2016,103, , ,8,3,11
5/17/2016,116, , ,4,5,7
5/18/2016,109, , ,1,4,8
5/19/2016,99, , ,3,3,9
5/20/2016,125, , ,3,5,7
5/30/2016,85, , ,21,4,13
5/31/2016,90, , ,25,4,6
6/1/2016,66, , ,19,1,8
6/2/2016,67, , , , , 
6/17/2016,134, , ,11,4,6
6/18/2016,101, , ,5,7,4
6/19/2016,97, , ,3,9,4
6/20/2016,88, , ,4,11,3
6/21/2016,94, , ,4, ,2
6/22/2016,98, , ,4, ,2
6/23/2016,88, , ,3, ,2
6/24/2016,83, , , , , 
6/27/2016,74, , ,11, ,3
6/28/2016,107, , ,10, ,2
6/29/2016,254, , ,6, ,2
6/30/2016,52, , ,8, ,2
1/4/2016,153, , ,31,2,7
1/5/2016,162, , ,30,3,9
1/6/2016,157, , ,31,1,7
1/7/2016,155, , ,32,2,7
1/8/2016,166, , ,33,3,10
1/9/2016,159, , ,20,2,9
1/10/2016,139, , ,14,4,7
1/11/2016,144, , ,17,3,9
1/12/2016,163, , ,20,5,9
1/13/2016,168, , ,25,3,8
1/14/2016,178, , , , , 
1/16/2016,188, , ,12,3,7
1/17/2016,165, , ,18,1,10
1/18/2016,170, , ,15,1,11
1/19/2016,175, , ,14,1,9
1/20/2016,163, , ,15,2,7
1/21/2016,140, , ,13,1,7
1/22/2016,163, , ,8,1,8
1/23/2016,166, , ,7,1,10
1/24/2016,134, , ,9,1,11
1/25/2016,153, , ,9,1,12
1/26/2016,153, , ,11,2,9
1/27/2016,153, , ,16,1,10
1/28/2016,182, , ,14,1,11
1/29/2016,174, , ,16,1,9
1/30/2016,168, , ,26,3,14
1/31/2016,211, , ,27,2,14
2/1/2016,172, , ,27,3,9
2/2/2016,158, , ,29,3,11
2/3/2016,166, , ,26,2,10
2/4/2016,162, , ,24,2,10
2/5/2016,166, , ,21,1,10
2/6/2016,163, , ,21,1,14
2/7/2016,183, , ,19,1,9
2/8/2016,176, , ,19,2,11
2/9/2016,176, , ,23,3,9
2/10/2016,177, , ,22,4,8
2/11/2016,174, , ,21,6,11
2/12/2016,182, , ,19,4,9
2/13/2016,177, , ,14,2,8
2/14/2016,162, , ,23,2,8
2/15/2016,162, , ,11,1,8
2/16/2016,145, , ,11,1,7
2/17/2016,160, , , , , 
2/19/2016,160, , ,12,1,8
2/20/2016,155, , ,11, ,9
2/21/2016,162, , ,12,1,8
2/22/2016,196, , ,13,1,8
2/23/2016,283, , ,11,4,8
2/24/2016,250, , ,8,2,9
2/25/2016,184, , ,8, ,8
2/26/2016,168, , ,34, ,6
2/27/2016,145, , ,46, ,6
2/28/2016,148, , ,7, ,7
2/29/2016,154, , ,6, ,7
3/1/2016,152, , ,5, ,6
3/2/2016,155, , ,7, ,6
3/3/2016,169, , ,11,1,8
3/4/2016,172, , ,8, ,8
3/5/2016,168, , ,5, ,8
3/6/2016,163, , ,5, ,8
3/7/2016,162, , ,3, ,6
3/8/2016,159, , ,23,3,6
3/9/2016,171, , ,19,1,9
3/10/2016,170, , , , , 
3/13/2016,173, , ,6, ,9
3/14/2016,181, , ,5,1,9
3/15/2016,167, , ,7,1,9
3/16/2016,168, , ,7,2,8
3/17/2016,165, , ,6, ,9
3/18/2016,167, , ,8,1,9
3/19/2016,207, , ,12, ,8
3/20/2016,291, , ,12,1,8
3/21/2016,233, , ,9,4,8
3/22/2016,194, , ,8,1,7
3/27/2016,122, , ,25,6,8
3/28/2016,155, , ,12, ,5
3/29/2016,151, , ,10, ,5
3/30/2016,140, , ,10, ,6
3/31/2016,155, , ,10,1,6
10/1/2015,87, , ,12,2,16
10/2/2015,70, , ,9, ,15
10/3/2015,56, , ,10, ,14
10/4/2015,55, , ,11,1,19
10/5/2015,68, , ,10,1,14
10/6/2015,162, , ,10,5,14
10/7/2015,56, , ,11,8,9
10/8/2015,57, , ,11,3,9
10/9/2015,54, , ,13,5,13
10/10/2015,42, , , , , 
10/13/2015,69, , ,31,1,9
10/14/2015,68, , ,35,2,7
10/15/2015,125, , ,31,2,6
10/16/2015,143, , ,21,1,4
10/17/2015,106, , ,21,1,3
10/18/2015,93, , ,6,1,6
10/19/2015,164, , ,15,1,6
10/20/2015,152, , ,8,1,7
10/21/2015,134, , ,6,1,7
10/22/2015,155, , ,13,1,7
10/23/2015,137, , ,10,1,7
10/24/2015,144, , ,8, ,5
10/25/2015,129, , ,10,1,5
10/26/2015,150, , ,13,2,7
10/27/2015,130, , ,7, ,9
10/28/2015,111, , ,7, ,8
10/29/2015,111, , ,5, ,6
10/30/2015,106, , ,8,1,7
10/31/2015,145, , ,4,1,8
11/1/2015,119, , ,2,1,4
11/2/2015,76, , , , , 
11/4/2015,157, , ,5,1,9
11/5/2015,100, , ,4,1,6
11/6/2015,113, , ,4,1,7
11/7/2015,112, , ,3,1,5
11/8/2015,111, , ,3,1,5
11/9/2015,128, , ,2,1,5
11/10/2015,63, , ,3,1,6
11/11/2015,132, , ,3,1,5
11/12/2015,209, , ,4,1,7
11/13/2015,3, , ,4,1,6
11/14/2015,4, , , , , 
11/18/2015,65, , ,3,1,7
11/19/2015,54, , ,2,1,7
11/20/2015,55, , ,2,1,6
11/21/2015,59, , ,1,1,5
11/22/2015,54, , ,2,1,7
11/23/2015,49, , ,2,1,6
11/24/2015,64, , ,5,1,3
11/25/2015,91, , ,7,1,5
11/26/2015,110, , ,6,1,4
11/27/2015,110, , ,5,1,3
11/28/2015,116, , , , , 
11/30/2015,91, , ,2,1,3
12/1/2015,51, , ,2,1,3
12/2/2015,63, , ,2,1,3
12/3/2015,44, , ,8,4,5
12/4/2015,47, , ,13,2,5
12/5/2015,64, , ,12,2,4
12/6/2015,76, , ,17,4,6
12/7/2015,114, , ,14,3,5
12/8/2015,132, , ,12,2,6
12/9/2015,130, , ,9,2,6
12/10/2015,104, , ,5,2,8
12/11/2015,110, , ,5,1,7
12/12/2015,140, , ,3,1,3
12/13/2015,115, , ,5,1,8
12/14/2015,166, , ,4,1,8
12/15/2015,131, , ,6,1,8
12/16/2015,144, , ,6,1,6
12/17/2015,110, , ,6,1,9
12/18/2015,155, , ,4,1,7
12/19/2015,120, , ,3,1,6
12/20/2015,111, , ,5,1,6
12/21/2015,96, , ,8,1,7
12/22/2015,120, , ,17,1,9
12/23/2015,152, , ,13,1,7
12/24/2015,158, , ,8,1,9
12/25/2015,160, , ,6,1,7
12/26/2015,151, , ,4,1,7
12/27/2015,169, , ,7,1,6
12/28/2015,172, , ,12,1,6
12/29/2015,127, , ,20,2,5
12/30/2015,128, , ,33,2,6
12/31/2015,155, , , , , 
1/3/2016,140, , ,24,2,7
7/1/2015,69, , , ,4,7
7/2/2015,77, , ,1,4,8
7/3/2015,65, , , ,1,7
7/4/2015,73, , ,1,1,1
7/5/2015,63, , , ,1,2
7/6/2015,82, , , ,2,9
7/7/2015,78, , ,3,5,7
7/8/2015,71, , ,4,2,11
7/9/2015,60, , ,4,2,5
7/10/2015,53, , ,5,1,10
7/11/2015,71, , ,5, ,9
7/12/2015,75, , ,5,1,1
7/13/2015,78, , ,4,1,3
7/14/2015,79, , ,4,8,7
7/15/2015,77, , ,4,1,8
7/16/2015,73, , ,4,3,6
7/17/2015,77, , ,4,3,5
7/18/2015,76, , ,3,1,3
7/19/2015,61, , ,4,7,5
7/20/2015,54, , ,4,1,9
7/21/2015,73, , ,3,1,4
7/22/2015,70, , ,3,3,6
7/23/2015,55, , ,4,14,2
7/24/2015,93, , ,3,10,4
7/25/2015,76, , ,3,1,7
7/26/2015,61, , ,3,4,2
7/27/2015,61, , ,4,4,5
7/28/2015,68, , ,6,4,7
7/29/2015,66, , ,5,2,11
7/30/2015,79, , ,5,1,5
7/31/2015,70, , ,4,1,2
8/1/2015,70, , ,3,1,2
8/2/2015,55, , ,4,1,2
8/3/2015,75, , ,3,1,7
8/4/2015,60, , ,3,1,5
8/5/2015,68, , ,4,4,6
8/6/2015,68, , ,1,2,5
8/7/2015,77, , ,1,2,2
8/8/2015,103, , , ,1,4
8/9/2015,59, , ,1,4,5
8/10/2015,76, , ,1,4,2
8/11/2015,77, , ,1,4,6
8/12/2015,66, , , ,1,3
8/13/2015,62, , ,1,3,2
8/14/2015,68, , ,2,1,4
8/15/2015,59, , ,5,1,5
8/16/2015,64, , ,6,1,9
8/17/2015,60, , ,7,2,4
8/18/2015,84, , ,7,5,5
8/19/2015,98, , ,5,2,9
8/20/2015,85, , ,5,9,3
8/21/2015,75, , ,4, ,7
8/22/2015,45, , ,4, , 
8/23/2015,84, , ,6, ,5
8/24/2015,128, , ,4, ,6
8/25/2015,56, , ,6, ,4
8/26/2015,77, , ,4, ,5
8/27/2015,59, , ,4, ,4
8/28/2015,62, , ,7, ,2
8/29/2015,78, , ,5, ,4
8/30/2015,67, , ,6, ,4
8/31/2015,72, , ,6, ,3
9/1/2015,85, , ,6,1,6
9/2/2015,77, , ,6,1,6
9/3/2015,82, , ,6, ,8
9/4/2015,91, , ,8,1,12
9/5/2015,89, , ,5, ,4
9/6/2015,52, , ,4,1,4
9/7/2015,55, , ,5,6,13
9/8/2015,103, , ,5,3,5
9/9/2015,81, , ,5,1,8
9/10/2015,76, , ,6,1,7
9/11/2015,68, , ,6,1,2
9/12/2015,76, , ,5, ,1
9/13/2015,61, , ,5, ,2
9/14/2015,72, , ,5,1,3
9/15/2015,65, , ,5, ,3
9/16/2015,62, , ,5, ,5
9/17/2015,61, , ,5,1,3
9/18/2015,66, , ,6,2,7
9/19/2015,72, , ,5, ,8
9/20/2015,49, , ,10,2,10
9/21/2015,79, , ,17,1,19
9/22/2015,94, , ,22,1,19
9/23/2015,98, , ,16,1,19
9/24/2015,102, , , , , 
9/27/2015,74, , ,22, ,21
9/28/2015,73, , ,20,1,21
9/29/2015,116, , ,16, ,18
9/30/2015,89, , ,16, ,19
5/13/2015,54, , ,4,5,4
5/14/2015,93, , ,5,1,4
5/15/2015,64, , ,5,3,3
5/16/2015,68, , ,5,3,3
5/17/2015,28, , ,3,6,6
5/18/2015,76, , ,5,2,3
5/19/2015,72, , ,5,5,3
5/20/2015,74, , ,6,3,5
5/21/2015,63, , ,5,3,7
5/22/2015,91, , ,4,4,5
5/23/2015,75, , ,5,31,1
5/24/2015,75, , ,3,3,3
5/25/2015,76, , ,2,2,5
5/26/2015,84, , ,3,1,6
5/27/2015,102, , ,4,2,6
5/28/2015,67, , ,9,1,29
5/29/2015,71, , ,6,23,11
5/30/2015,74, , ,2,7,14
5/31/2015,106, , , ,2,24
6/1/2015,71, , , ,3,15
6/2/2015,74, , , ,5,11
6/3/2015,59, , , ,3,11
6/4/2015,81, , , ,3,11
6/5/2015,72, , ,7,4,6
6/6/2015,54, , ,15,11,10
6/7/2015,39, , ,19,4,9
6/8/2015,50, , ,12,13,9
6/9/2015,52, , ,12,13,9
6/10/2015,47, , ,10,5,14
6/11/2015,59, , ,7,7,9
6/12/2015,66, , ,1,8,9
6/13/2015,61, , ,3,12,8
6/14/2015,54, , ,4,1,15
6/15/2015,57, , ,4,1,10
6/16/2015,81, , ,4, ,14
6/17/2015,70, , ,4, ,12
6/18/2015,71, , ,6, ,5
6/19/2015,51, , ,10,11,9
6/20/2015,67, , ,8,8,10
6/21/2015,94, , ,5, ,3
6/22/2015,77, , ,11,10,7
6/23/2015,76, , ,2,14,11
6/24/2015,53, , ,1,2,2
6/25/2015,55, , ,1,3,11
6/26/2015,59, , ,1,3,3
6/27/2015,85, , ,1,4,2
6/28/2015,76, , ,1,1,5
6/29/2015,84, , ,1,11,1
6/30/2015,98, , ,1,5,29
7/10/2024, ,1,12,12,6,15
7/21/2024, ,56,7,12,4,14
7/22/2024, ,57,7,12,5,17
7/23/2024, ,58,13,12,4,14
7/29/2024, ,51,12,12,4,14
8/26/2024, ,43,13,9,1,14
4/1/2024, ,39,17,13,4,5
4/3/2024, ,41,16,14,4,5
4/4/2024, ,40,9,12,5,6
4/7/2024, ,43,13,14,4,5
4/9/2024, ,42,20,13,4,5
3/15/2024, ,59,31,4,2,4
3/24/2024, ,54,36,6, ,5
3/30/2024, ,42,13,13,4,6
11/18/2023, ,29,15,7,2,5
11/21/2023, ,28,18,7,4,5
12/6/2023, ,65,11,8,6,6
12/13/2023, ,75,11,8,5,6
7/26/2023, ,35,15,7,1,4
8/1/2023, ,50,15,8,3,5
8/22/2023, ,47,15,7,2,5
9/12/2023, ,31,15,7,2,3
4/2/2023, ,52,15,10,2,5
5/10/2023, ,64,29,11,2,6
5/21/2023, ,41,15,7,1,5
6/4/2023, ,52,15,3,1,5
1/17/2023, ,36,15,13,2,3
2/12/2023, ,53,15,10,5,3
3/5/2023, ,64,23,20,1,2
10/10/2022, ,10,11,13,2,3
7/5/2022, ,43,6, , , 
7/6/2022, ,44,7, , , 
7/7/2022, ,47,8, , , 
7/8/2022, ,52,7, , , 
7/9/2022, ,53,7, , , 
7/10/2022, ,52,7, , , 
7/11/2022, ,52,8, , , 
7/12/2022, ,53,7, , , 
7/13/2022, ,53,6, , , 
7/14/2022, ,53,6, , , 
7/15/2022, ,54,6, , , 
7/16/2022, ,55, , , , 
7/17/2022, ,57, , , , 
7/18/2022, ,56, , , , 
7/19/2022, ,56, , , , 
7/20/2022, ,57, , , , 
7/21/2022, ,57, , , , 
7/22/2022, ,57, , , , 
7/23/2022, ,57, , , , 
7/24/2022, ,57, , , , 
7/25/2022, ,57, , , , 
7/26/2022, ,56,5, , , 
7/27/2022, ,57,14, , , 
7/28/2022, ,57,9, , , 
7/29/2022, ,57,5, , , 
7/30/2022, ,75, , , , 
8/9/2022, ,31,11, , , 
8/10/2022, ,14,8, , , 
8/11/2022, ,11, , , , 
8/17/2022, ,16,10, , , 
8/18/2022, ,4,10, , , 
8/19/2022, ,2,6, , , 
8/20/2022, ,4,6, , , 
8/21/2022, ,5,5, , , 
8/22/2022, ,27,15,10,2,3
8/23/2022, ,30,15,9,1,3
8/24/2022, ,27,15,10,3,3
8/25/2022, ,27,15,11,2,3
8/26/2022, ,26,15,11,1,3
9/1/2022, ,31,11,13,3,3
9/2/2022, ,33,11,13,1,3
9/3/2022, ,23,8,11,2,3
9/12/2022, ,19,8,8,3,2
9/13/2022, ,5,5,8,2,2
9/14/2022, ,4,8,7,2,3
9/15/2022, ,12,8,7,2,3
9/16/2022, ,25,8,8,1,3
9/17/2022, ,26,8,8,2,3
9/18/2022, ,26,15,8,2,2
9/19/2022, ,36,15,8,2,2
9/20/2022, ,20,8,8,2,2
9/21/2022, ,19,8,8,2,2
9/22/2022, ,35, ,10,3,2
6/29/2022, ,52,6,8,2,3
3/12/2022, ,64, ,7,2,6
10/10/2021, ,10,4,110, ,8
12/22/2021, ,50,7,11,2,9
12/23/2021, ,50,6,12,2,9
12/27/2021, ,50, ,8,2,6
12/28/2021, ,50, ,8,2,7
12/29/2021, ,42,4,8,2,6
7/18/2021, ,39,37,11, ,5
8/3/2021, ,46,14,6,1, 
9/11/2021, ,42,12,4, ,6
9/12/2021, ,45,13,4, ,6
9/13/2021, ,53,10,5, ,7
2/26/2021, ,57,23,13,1,9
1/29/2015, ,48, ,2,1, 
1/30/2015, ,48, , , , 
2/2/2015, ,50, ,2,5, 
2/3/2015, ,64, ,3,6,2
2/4/2015, ,57, ,2,2,1
2/5/2015, ,47, ,2,1,6
2/6/2015, ,47, ,2, , 
2/11/2015, ,38, ,3,45,8
2/12/2015, ,51, ,9,11,6
2/13/2015, ,43, ,3,4,8
2/14/2015, ,76, ,7, , 
2/16/2015, ,40, ,2, , 
2/21/2015, ,59, ,4, ,1
2/22/2015, ,64, ,5, , 
2/23/2015, ,44, ,2,2,10
2/24/2015, ,34, ,5,5,14
2/25/2015, ,44, ,14,7,9
2/26/2015, ,59, ,7,5,12
2/27/2015, ,51, ,6,1,9
2/28/2015, ,15, ,5, ,6
3/1/2015, ,12, ,7, , 
3/2/2015, ,12, ,3, , 
3/4/2015, ,17, ,3, , 
3/10/2015, ,39, ,10,1,3
3/11/2015, ,39, ,11,1,3
3/12/2015, ,40, ,13,2,3
3/13/2015, ,28, ,7, , 
3/16/2015, ,733, ,5,84,1
3/17/2015, ,38, ,8,2,6
3/18/2015, ,24, ,16,5,5
3/19/2015, ,40, ,18, ,11
3/20/2015, ,12, ,16, , 
10/22/2014, ,5, ,2,76, 
11/3/2014, ,52, ,2,1,4
11/6/2014, ,65, ,6, ,6
11/7/2014, ,71, ,6, ,7
11/13/2014, ,11, ,2,2,4
11/19/2014, ,60, , , ,8
11/20/2014, ,39, ,1, ,3
11/21/2014, ,57, ,1, ,5
11/25/2014, ,64, ,9,1,7
11/26/2014, ,73, ,7,1,6
11/27/2014, ,68, ,8,28,6
11/28/2014, ,60, ,3,47,8
12/4/2014, ,87, ,13,13,5
12/5/2014, ,60, ,10,2,5
12/6/2014, ,52, ,7,1,5
12/7/2014, ,52, ,2,1,4
12/8/2014, ,56, ,2,2,4
12/9/2014, ,59, ,1, ,4
12/10/2014, ,60, , , ,2
8/7/2014, ,424, ,9,85,3
9/3/2014, ,429, ,9,74, 
4/3/2014, ,14, ,5,6, 
4/5/2014, ,6, ,5,3, 
4/7/2014, ,21, ,5,1,4
4/8/2014, ,17, ,5,2,3
4/9/2014, ,12, ,5,2,3
4/11/2014, ,10, ,6,2,7
4/12/2014, ,27, ,6,2, 
4/15/2014, ,5, ,6,2,6
4/16/2014, ,10, ,6,2,2
4/17/2014, ,9, ,6,5,5
4/18/2014, ,5, ,6, ,3
4/19/2014, ,4, ,6,2,5
4/20/2014, ,11, ,6,3, 
4/22/2014, ,7, ,6,3,3
4/23/2014, ,4, ,6,2,4
4/24/2014, ,4, ,6,2,2
4/25/2014, ,4, ,6,2,3
4/26/2014, ,5, ,6,2,4
4/27/2014, ,4, ,6,2,3
4/28/2014, ,6, ,6,2, 
5/7/2014, ,4, ,6,2, 
5/19/2014, ,4, , ,2, 
5/21/2014, ,4, , ,2, 
6/5/2014, ,4, ,14,1,2
6/7/2014, ,21, ,14,2,2
6/12/2014, ,14, ,14,2,1
6/15/2014, ,2, ,14,1,4
6/16/2014, ,8, ,14,5,3
6/17/2014, ,9, ,15,2,3
6/29/2014, ,2, ,14,4,5
1/1/2014, ,58, ,5,2,1
1/2/2014, ,58, ,5,2,3
1/3/2014, ,66, ,5,2,6
1/4/2014, ,65, ,5,2,3
1/5/2014, ,48, ,5,2,6
1/6/2014, ,51, ,5,2,2
1/7/2014, ,61, ,5,2,3
1/8/2014, ,56, ,5,2,4
1/9/2014, ,66, ,5,2,5
1/10/2014, ,65, ,5,3, 
1/11/2014, ,75, , , , 
1/17/2014, ,67, ,5,2, 
1/18/2014, ,71, ,5,2,1
1/19/2014, ,56, ,5,2,1
1/20/2014, ,61, ,5,2,1
1/21/2014, ,66, ,5,2, 
1/22/2014, ,64, ,5,2,2
1/23/2014, ,56, ,5,3,2
1/24/2014, ,50, , , , 
1/26/2014, ,61, , , , 
1/28/2014, ,64, ,5,2,1
1/29/2014, ,51, ,5,2,1
1/30/2014, ,52, ,5,2,3
1/31/2014, ,70, ,5,2,1
2/1/2014, ,58, ,5,2, 
2/2/2014, ,61, ,5,3,3
2/3/2014, ,71, ,6,3,6
2/4/2014, ,61, ,5,4,8
2/5/2014, ,77, ,5,4,10
2/6/2014, ,64, ,5,3,8
2/7/2014, ,64, , , , 
2/10/2014, ,73, ,5,4,3
2/11/2014, ,62, ,5,4,3
2/12/2014, ,64, ,5,8,5
2/13/2014, ,67, ,6,5,5
2/14/2014, ,75, ,6,2, 
2/15/2014, ,83, , , , 
2/17/2014, ,44, ,6,3,5
2/18/2014, ,64, ,6,2,5
2/19/2014, ,63, ,6,2,2
2/20/2014, ,65, ,6,3,4
2/21/2014, ,73, , , , 
2/24/2014, ,64, ,6,3,7
2/25/2014, ,459, ,6,4,11
2/26/2014, ,49, , , , 
2/28/2014, ,46, , , , 
3/2/2014, ,35, , , , 
3/14/2014, ,426, , , , 
3/24/2014, ,68, ,6,3,5
3/25/2014, ,85, ,6,2,5
3/26/2014, ,86, ,6,2,5
3/27/2014, ,78, ,6,3,3
3/28/2014, ,86, ,6,5,18
3/29/2014, ,68, , , , 
6/2/2023, , ,16,3, ,6
6/3/2023, , ,15,3,1,5
1/15/2023, , ,15,14,3,3
1/16/2023, , ,15,13,2,3
3/4/2023, , ,31,12,2,1
7/4/2022, , ,7,7,1,3
8/1/2022, , ,3, , , 
8/2/2022, , ,10, , , 
8/6/2022, , ,4, , , 
8/7/2022, , ,1, , , 
8/8/2022, , ,11, , , 
8/16/2022, , ,8, , , 
8/27/2022, , ,15,12,2,3
8/28/2022, , ,15,12,2,2
8/29/2022, , ,15,13,2,3
8/30/2022, , ,15,14,3,3
8/31/2022, , ,15,14,1,3
9/4/2022, , ,8,10,2,3
9/5/2022, , ,8,11,2,3
9/6/2022, , ,8,10,1,3
9/7/2022, , ,7,9,2,2
9/8/2022, , ,8,9,2,3
9/9/2022, , ,8,9,2,3
9/10/2022, , ,8,9,2,2
9/11/2022, , ,8,8,2,2
10/1/2022, , , ,12, , 
10/2/2022, , , ,12, , 
10/3/2022, , , ,12, , 
10/4/2022, , , ,12, , 
10/5/2022, , , ,12, ,3
10/6/2022, , , ,12, ,3
10/7/2022, , , ,12, ,3
10/8/2022, , , ,13, ,3
10/9/2022, , , ,13, ,3
11/19/2022, , , ,21,5,4
11/20/2022, , , ,19,2,3
11/21/2022, , , ,18,1,3
11/22/2022, , , ,18,5,3
11/23/2022, , , ,17, ,3
11/24/2022, , , ,17, ,4
11/25/2022, , , ,17, ,4
11/26/2022, , , ,16, ,4
11/27/2022, , , ,15, ,3
11/28/2022, , , ,15, ,4
11/29/2022, , , ,16, ,4
12/5/2022, , , ,15,3,4
12/6/2022, , , ,15,1,4
12/7/2022, , , ,16,2,3
12/8/2022, , , ,16,1,3
12/9/2022, , , ,16, ,3
12/10/2022, , , ,14, ,3
12/11/2022, , , ,13, ,3
9/23/2022, , , ,12,1,3
9/24/2022, , , ,12,2, 
9/25/2022, , , ,12,1, 
9/26/2022, , , ,13,1,3
9/27/2022, , , ,13,1, 
9/28/2022, , , ,13,1, 
9/29/2022, , , ,13,2, 
9/30/2022, , , ,13, , 
9/28/2020, , , ,5,1,9
3/31/2020, , , ,2,1,6
5/5/2020, , , ,3,1,8
5/10/2020, , , ,3,1,8
12/31/2019, , , ,13,1,10
10/4/2019, , , ,19,1,13
7/8/2019, , , ,11,2,10
8/13/2019, , , ,13,1,7
9/4/2019, , , ,10,2,11
9/8/2019, , , ,10,1,7
9/15/2019, , , ,12,1,11
5/8/2019, , , ,9,1,8
6/3/2019, , , ,8, ,6
6/10/2019, , , ,14,5,7
12/31/2018, , , ,17,4,7
12/14/2018, , , ,16,5,6
8/2/2018, , , ,7,1,5
9/17/2018, , , ,7,4,3
2/12/2018, , , ,4,5,9
3/11/2018, , , ,6,4,6
12/5/2017, , , ,9,2,11
12/13/2017, , , ,8,1,9
12/14/2017, , , ,8,2,9
12/18/2017, , , ,12,2,10
12/19/2017, , , ,98,2,10
12/20/2017, , , ,103,2,9
12/21/2017, , , ,80,1,9
12/22/2017, , , ,39,2,10
12/23/2017, , , ,14,1,9
12/24/2017, , , ,17,2,10
12/25/2017, , , ,8,1,10
12/26/2017, , , ,23,1,10
12/27/2017, , , ,24,2,10
12/28/2017, , , ,19,2,10
12/29/2017, , , ,12,1,10
7/7/2017, , , ,11, , 
8/13/2017, , , ,10,2,3
9/11/2017, , , ,11,2,7
4/12/2017, , , ,11,1,2
4/16/2017, , , ,13,2,3
4/30/2017, , , ,8,1,4
1/1/2017, , , ,12,4,5
1/22/2017, , , ,15,3,4
1/29/2017, , , ,20,2,4
10/3/2016, , , ,10,2,4
10/16/2016, , , ,10,7,10
10/19/2016, , , ,8,5,10
11/20/2016, , , ,21,3,17
7/8/2016, , , ,4,4,2
7/9/2016, , , ,4,1,3
7/11/2016, , , ,3,3,2
7/12/2016, , , ,2,1,3
7/13/2016, , , ,2,3,3
7/14/2016, , , ,2,1,2
7/16/2016, , , ,2, ,3
7/17/2016, , , ,1,2,4
7/23/2016, , , ,2, ,11
7/26/2016, , , ,1,2,4
8/6/2016, , , ,7,1,3
8/26/2016, , , ,1,3,5
9/9/2016, , , ,3,4,5
9/12/2016, , , ,2,1,5
9/18/2016, , , ,15,1,4
9/25/2016, , , ,8,2,4
9/27/2016, , , ,9,5,5
4/13/2016, , , ,2,1,10
4/14/2016, , , ,1, ,10
4/15/2016, , , ,1, ,9
5/21/2016, , , ,3,2,10
5/22/2016, , , ,3,3,7
5/23/2016, , , ,2,2,5
5/24/2016, , , ,5,6,6
5/25/2016, , , ,4,7,7
5/26/2016, , , ,4,5,7
5/27/2016, , , ,5,3,6
5/28/2016, , , ,4,1,8
5/29/2016, , , ,11,4,13
6/16/2016, , , ,14,11,8
6/26/2016, , , ,11, ,2
1/15/2016, , , ,21,5,13
2/18/2016, , , ,11,1,7
3/12/2016, , , ,8, ,6
3/23/2016, , , ,6, ,8
3/26/2016, , , ,24,6,6
10/12/2015, , , ,37,1,9
11/3/2015, , , ,5,2,10
11/17/2015, , , ,3,1,8
11/29/2015, , , ,2,1,2
1/2/2016, , , ,27,3,8
9/26/2015, , , ,14, ,20
4/2/2015, , , ,14,1,2
4/3/2015, , , ,2,3,7
4/4/2015, , , ,15,1,4
4/5/2015, , , ,9,1,4
4/6/2015, , , ,2,5,4
4/7/2015, , , ,6,14,5
4/8/2015, , , ,3,11,3
4/9/2015, , , ,7,2,2
4/10/2015, , , ,3,1,7
4/11/2015, , , ,3,1,5
4/12/2015, , , ,2,7,9
4/13/2015, , , ,1,11, 
4/15/2015, , , , ,2,5
4/16/2015, , , ,6,4,3
4/17/2015, , , ,2,1,5
4/18/2015, , , ,2,3,4
4/19/2015, , , ,3,3,5
4/20/2015, , , ,3,3,2
4/21/2015, , , ,2,2,3
4/22/2015, , , ,2,118, 
4/23/2015, , , ,2,38, 
4/24/2015, , , ,10,2,7
4/25/2015, , , ,5, ,10
4/26/2015, , , ,7,1,6
4/27/2015, , , ,7,25,9
4/28/2015, , , ,3,6,4
4/29/2015, , , ,3,115, 
4/30/2015, , , ,2, , 
5/1/2015, , , ,2,49, 
5/2/2015, , , ,1,88,9
5/3/2015, , , ,8,7,10
5/4/2015, , , ,16,7,10
5/5/2015, , , ,9,3,3
5/6/2015, , , ,7,19,4
5/7/2015, , , ,5,3,4
5/8/2015, , , ,4,17,4
5/9/2015, , , ,4,32,2
5/10/2015, , , ,5,2,2
5/11/2015, , , ,4,38,4
5/12/2015, , , ,5,2,4
1/1/2015, , , ,5, , 
1/2/2015, , , ,6, , 
1/3/2015, , , ,5, , 
1/5/2015, , , ,11, , 
1/6/2015, , , ,4, , 
1/8/2015, , , ,2, , 
1/9/2015, , , ,7, , 
1/10/2015, , , ,1, , 
1/11/2015, , , ,6, , 
1/12/2015, , , ,9, , 
1/13/2015, , , ,14, , 
1/14/2015, , , ,14, , 
1/15/2015, , , ,8, , 
1/16/2015, , , ,2, , 
1/19/2015, , , ,4, , 
1/20/2015, , , ,3, , 
1/21/2015, , , ,2, , 
1/22/2015, , , ,2, , 
1/23/2015, , , ,1, , 
1/24/2015, , , , , , 
2/8/2015, , , ,1, , 
2/18/2015, , , ,3,56, 
2/19/2015, , , ,3,192, 
2/20/2015, , , ,2,7,8
3/23/2015, , , ,14,4,10
3/24/2015, , , ,9,7, 
3/25/2015, , , ,13, ,5
3/26/2015, , , ,14,1,7
3/27/2015, , , ,19,1,6
3/28/2015, , , ,7, , 
3/31/2015, , , ,4, , 
10/13/2014, , , ,4,58, 
10/14/2014, , , ,1,59, 
10/18/2014, , , ,3,215, 
10/21/2014, , , ,2,129, 
10/24/2014, , , ,2,123, 
11/18/2014, , , ,1,2, 
12/3/2014, , , ,2,46,1
12/13/2014, , , ,1,4,5
12/14/2014, , , ,2,5,5
12/15/2014, , , ,3,2,4
12/16/2014, , , ,4,2,4
12/17/2014, , , ,3,3,1
12/19/2014, , , ,5,26, 
12/22/2014, , , ,6,5, 
12/24/2014, , , ,6, , 
12/26/2014, , , ,4, , 
7/1/2014, , , ,14,2,1
4/2/2014, , , ,5,6,43
4/10/2014, , , ,6,2,3
5/25/2014, , , ,10,2, 
5/27/2014, , , ,10,2, 
6/1/2014, , , ,17,2, 
6/4/2014, , , ,14, ,6
6/6/2014, , , ,14,2,3
6/8/2014, , , ,14,2,5
6/9/2014, , , ,14,2, 
6/10/2014, , , ,14,7, 
6/13/2014, , , ,18,1,6
6/14/2014, , , ,14,2,5
6/18/2014, , , ,14,2,5
6/19/2014, , , ,14, ,2
6/20/2014, , , ,14,4,3
6/21/2014, , , ,14,4,3
6/22/2014, , , ,14,1,8
6/27/2014, , , ,14,3,2
6/28/2014, , , ,14,8,3
6/30/2014, , , ,14,2,1
12/31/2013, , , ,5,2,2
1/16/2014, , , ,5,2, 
1/25/2014, , , ,5,2, 
1/27/2014, , , ,5,2,11
2/9/2014, , , ,5,5,9
2/16/2014, , , ,6,4,9
2/23/2014, , , ,6,4,6
2/27/2014, , , ,6,17,1
3/1/2014, , , ,6,3,1
3/13/2014, , , ,6,116,1
3/23/2014, , , ,6,3,8
4/1/2014, , , ,6,8, 
4/4/2014, , , ,5,3, 
12/15/2017, , , , ,2,9
12/16/2017, , , , ,2,8
12/17/2017, , , , ,2,9
1/28/2015, , , , , ,1
2/1/2015, , , , ,4,2
2/7/2015, , , , ,5,7
2/10/2015, , , , , ,6
2/15/2015, , , , ,2,3
2/17/2015, , , , ,135, 
3/3/2015, , , , ,11,6
3/9/2015, , , , ,1,3
3/22/2015, , , , ,1,7
3/30/2015, , , , ,2,2
4/1/2015, , , , ,2,13
10/6/2014, , , , ,112, 
10/20/2014, , , , ,67, 
9/16/2014, , , , ,166, 
6/23/2014, , , , , ,6
6/24/2014, , , , ,4,5
6/25/2014, , , , , , 
3/15/2015, , , , , , 
10/9/2014, , , , , , 
4/6/2014, , , , , ,10
4/14/2014, , , , , ,3
4/21/2014, , , , , ,2
5/6/2014, , , , , ,4
5/18/2014, , , , , ,3
5/20/2014, , , , , ,2
5/24/2014, , , , , ,2
5/26/2014, , , , , ,7
5/31/2014, , , , , ,6
6/3/2014, , , , , ,5
6/11/2014, , , , , ,2
6/26/2014, , , , , ,3
